subject,date,TRT
101,2023-11-07,1172
101,2023-11-08,1231
101,2023-11-09,1129
101,2023-11-10,1129
101,2023-11-11,988
101,2023-11-12,1045
101,2023-11-13,1270
101,2023-11-14,1021
101,2023-11-15,1168
101,2023-11-16,912
101,2023-11-17,1108
101,2023-11-18,1175
101,2023-11-19,1264
101,2023-11-20,1289
101,2023-11-21,1103
101,2023-11-22,846
101,2023-11-23,1176
101,2023-11-24,1045
101,2023-11-25,1440
101,2023-11-26,960
101,2023-11-27,1248
101,2023-11-28,1146
101,2023-11-29,1341
101,2023-11-30,1267
101,2023-12-01,1144
101,2023-12-02,431
101,2023-12-05,1211
101,2023-12-06,1159
101,2023-12-07,768
101,2023-12-08,529
105,2023-11-19,1218
105,2023-11-20,1039
105,2023-11-21,1144
105,2023-11-22,1416
105,2023-11-23,1333
105,2023-11-24,1347
105,2023-11-25,640
105,2023-11-26,1309
105,2023-11-27,1278
105,2023-11-28,973
105,2023-11-29,1406
105,2023-11-30,1273
105,2023-12-01,1414
105,2023-12-02,1328
105,2023-12-03,1327
105,2023-12-04,1350
105,2023-12-05,1306
105,2023-12-06,1414
105,2023-12-07,436
106,2023-11-19,1324
106,2023-11-20,1362
106,2023-11-21,1340
106,2023-11-22,1434
106,2023-11-23,1262
106,2023-11-24,1238
106,2023-11-25,1300
106,2023-11-26,1375
106,2023-11-27,1438
106,2023-11-28,596
106,2023-11-30,1254
106,2023-12-01,1409
106,2023-12-02,1440
106,2023-12-03,1088
106,2023-12-04,1391
106,2023-12-05,1312
106,2023-12-06,1440
106,2023-12-07,1314
106,2023-12-08,1140
107,2023-11-24,751
107,2023-11-25,1417
107,2023-11-26,899
107,2023-11-27,1169
107,2023-11-28,1058
107,2023-11-29,1303
107,2023-12-02,1050
107,2023-12-03,1206
107,2023-12-05,1281
107,2023-12-06,939
107,2023-12-07,788
107,2023-12-08,924
107,2023-12-09,1061
107,2023-12-10,620
107,2023-12-11,403
107,2023-12-13,982
107,2023-12-14,1361
107,2023-12-15,1311
107,2023-12-16,1362
107,2023-12-17,1107
107,2023-12-18,796
107,2023-12-19,1314
107,2023-12-20,1367
107,2023-12-21,1385
107,2023-12-22,1416
107,2023-12-23,1203
107,2023-12-24,1339
107,2023-12-25,1289
107,2023-12-26,1112
107,2023-12-27,1140
108,2023-12-04,1283
108,2023-12-05,1209
108,2023-12-06,1322
108,2023-12-07,1377
108,2023-12-08,1347
108,2023-12-09,1370
108,2023-12-11,1354
108,2023-12-12,1321
108,2023-12-13,1376
108,2023-12-14,1393
108,2023-12-15,1340
108,2023-12-16,1396
108,2023-12-17,1181
108,2023-12-18,604
108,2023-12-19,1279
108,2023-12-20,1031
108,2023-12-21,1311
108,2023-12-22,1116
109,2023-12-01,1389
109,2023-12-02,1122
109,2023-12-03,839
109,2023-12-04,991
109,2023-12-05,1435
109,2023-12-06,1440
109,2023-12-07,401
109,2023-12-08,769
109,2023-12-09,1440
109,2023-12-10,536
109,2023-12-12,1263
109,2023-12-13,802
109,2023-12-14,1440
109,2023-12-15,488
109,2023-12-16,1440
109,2023-12-17,647
109,2023-12-21,1439
109,2023-12-22,1440
109,2023-12-23,902
109,2023-12-25,1422
109,2023-12-26,732
109,2023-12-27,1091
109,2023-12-28,1357
109,2023-12-29,901
109,2023-12-30,1312
109,2023-12-31,1438
109,2024-01-01,476
110,2023-12-04,1328
110,2023-12-05,1409
110,2023-12-06,945
110,2023-12-07,712
110,2023-12-08,1132
110,2023-12-09,1264
110,2023-12-10,999
110,2023-12-12,429
110,2023-12-13,654
110,2023-12-14,961
110,2023-12-17,1152
110,2023-12-18,1227
110,2023-12-19,1171
110,2023-12-20,1200
110,2023-12-22,1194
110,2023-12-23,859
110,2023-12-24,475
110,2023-12-25,1439
110,2023-12-26,1286
110,2023-12-29,476
110,2024-01-02,714
111,2023-12-01,407
111,2023-12-02,1433
111,2023-12-03,1242
111,2023-12-04,1440
111,2023-12-05,1362
111,2023-12-06,1440
111,2023-12-07,1362
111,2023-12-08,1437
111,2023-12-09,1407
111,2023-12-10,1267
111,2023-12-11,1440
111,2023-12-12,1293
111,2023-12-13,977
111,2023-12-14,1317
111,2023-12-15,1440
111,2023-12-16,1440
111,2023-12-19,1439
111,2023-12-20,1338
111,2023-12-21,1440
111,2023-12-22,1271
111,2023-12-23,1140
112,2023-12-02,999
112,2023-12-03,928
112,2023-12-04,892
112,2023-12-05,1370
112,2023-12-06,431
112,2023-12-07,638
112,2023-12-08,1246
112,2023-12-10,640
112,2023-12-11,623
112,2023-12-13,698
115,2024-01-06,365
115,2024-01-07,1183
115,2024-01-08,1376
115,2024-01-09,1342
115,2024-01-10,1438
115,2024-01-11,1393
115,2024-01-12,1438
115,2024-01-13,1351
115,2024-01-14,1433
115,2024-01-15,1156
115,2024-01-16,1438
115,2024-01-17,1409
115,2024-01-18,1383
115,2024-01-19,1080
116,2023-12-09,612
116,2023-12-10,1440
116,2023-12-11,1368
116,2023-12-12,1440
116,2023-12-13,1239
116,2023-12-14,1440
116,2023-12-15,1270
116,2023-12-16,1438
116,2023-12-17,1366
116,2023-12-18,1281
116,2023-12-19,1371
116,2023-12-20,1437
116,2023-12-21,1316
116,2023-12-22,1140
117,2023-12-16,1311
117,2023-12-17,769
117,2023-12-19,1361
117,2023-12-20,1352
117,2023-12-21,1398
117,2023-12-22,1385
117,2023-12-23,1372
117,2023-12-24,1440
117,2023-12-25,838
117,2023-12-27,1440
117,2023-12-28,1273
117,2023-12-29,1378
117,2023-12-30,1439
117,2023-12-31,1135
117,2024-01-01,1333
117,2024-01-02,1242
117,2024-01-03,1439
117,2024-01-04,1327
117,2024-01-05,1124
118,2023-12-15,1324
118,2023-12-16,1243
118,2023-12-17,1223
118,2023-12-18,1157
118,2023-12-19,1306
118,2023-12-20,1439
118,2023-12-21,1204
118,2023-12-22,1297
118,2023-12-23,1383
118,2023-12-24,1156
118,2023-12-25,1400
118,2023-12-26,1317
118,2023-12-27,1354
118,2023-12-28,1295
118,2023-12-29,1348
118,2023-12-30,1280
118,2023-12-31,1288
118,2024-01-01,1270
118,2024-01-02,1256
118,2024-01-03,1115
119,2023-12-22,629
119,2023-12-24,607
119,2023-12-26,595
120,2024-01-06,1439
120,2024-01-07,1377
120,2024-01-08,1326
120,2024-01-09,1420
120,2024-01-10,1289
120,2024-01-11,1411
120,2024-01-12,1392
120,2024-01-13,1439
120,2024-01-14,1280
120,2024-01-15,1354
120,2024-01-16,1438
120,2024-01-17,1258
120,2024-01-18,1440
120,2024-01-19,1274
120,2024-01-20,1439
120,2024-01-21,1064
120,2024-01-22,1440
120,2024-01-23,1309
120,2024-01-24,963
121,2024-01-06,925
121,2024-01-07,752
121,2024-01-08,663
121,2024-01-09,371
121,2024-01-10,492
121,2024-01-11,1123
121,2024-01-14,1326
121,2024-01-15,1440
121,2024-01-16,735
121,2024-01-17,1282
121,2024-01-20,1438
121,2024-01-21,902
121,2024-01-23,571
121,2024-01-24,1438
121,2024-01-25,758
121,2024-01-26,1440
121,2024-01-27,1440
121,2024-01-29,1440
121,2024-01-30,1115
122,2024-01-04,926
122,2024-01-05,1440
122,2024-01-06,1131
122,2024-01-07,1440
122,2024-01-08,583
122,2024-01-25,550
122,2024-01-26,974
122,2024-02-05,1440
122,2024-02-06,849
123,2024-01-04,1223
123,2024-01-05,879
123,2024-01-08,1174
123,2024-01-10,1221
123,2024-01-11,1085
123,2024-01-12,986
123,2024-01-13,1279
123,2024-01-14,1229
123,2024-01-15,745
123,2024-01-16,1409
123,2024-01-17,1095
123,2024-01-18,1273
123,2024-01-23,1427
123,2024-01-24,1149
123,2024-01-25,598
123,2024-01-26,1136
124,2024-01-10,1215
124,2024-01-11,873
124,2024-01-12,1165
124,2024-01-13,1325
124,2024-01-15,1005
124,2024-01-17,382
124,2024-01-18,1440
124,2024-01-19,1105
124,2024-01-20,1439
124,2024-01-21,937
124,2024-01-22,493
124,2024-01-24,597
124,2024-01-25,389
124,2024-01-26,599
124,2024-01-27,641
124,2024-02-02,984
124,2024-02-03,1322
124,2024-02-04,1085
124,2024-02-08,702
125,2024-01-06,1437
125,2024-01-07,1250
125,2024-01-08,1439
125,2024-01-09,1209
125,2024-01-10,1122
125,2024-01-11,1401
125,2024-01-12,1037
125,2024-01-13,1440
125,2024-01-14,1360
125,2024-01-19,1408
125,2024-01-20,1428
125,2024-01-21,1421
125,2024-01-22,1212
125,2024-01-23,1403
125,2024-01-24,1081
125,2024-01-25,1439
125,2024-01-26,1140
126,2024-01-18,612
126,2024-01-19,646
126,2024-01-20,840
126,2024-01-21,485
126,2024-01-23,909
126,2024-01-24,1215
126,2024-01-25,629
126,2024-01-27,1315
126,2024-01-28,1331
126,2024-01-29,1137
126,2024-01-30,697
127,2024-01-25,1317
127,2024-01-26,1436
127,2024-01-27,1281
127,2024-01-28,971
127,2024-01-29,1287
127,2024-01-30,1201
127,2024-01-31,1199
127,2024-02-01,1330
127,2024-02-02,1050
127,2024-02-03,1232
127,2024-02-04,638
127,2024-02-05,1193
127,2024-02-06,1233
127,2024-02-07,1187
127,2024-02-08,1361
127,2024-02-09,1019
127,2024-02-10,998
127,2024-02-11,504
127,2024-02-14,1119
127,2024-02-15,1167
127,2024-02-16,1181
127,2024-02-17,761
128,2024-01-12,461
128,2024-01-13,1395
128,2024-01-14,1205
128,2024-01-15,1379
128,2024-01-16,1440
128,2024-01-17,1109
128,2024-01-18,1436
128,2024-01-19,1371
128,2024-01-20,1403
128,2024-01-21,1037
128,2024-01-22,1440
128,2024-01-23,1405
128,2024-01-24,1413
128,2024-01-25,1314
128,2024-01-26,1390
128,2024-01-27,1097
128,2024-01-28,1340
128,2024-01-29,580
128,2024-01-30,1411
128,2024-01-31,741
128,2024-02-02,1220
128,2024-02-03,1048
128,2024-02-04,1439
128,2024-02-05,1226
128,2024-02-06,1242
128,2024-02-07,1040
128,2024-02-08,1401
128,2024-02-09,365
130,2024-01-13,700
130,2024-01-14,1402
130,2024-01-15,1371
130,2024-01-16,1406
130,2024-01-17,1328
130,2024-01-18,953
130,2024-01-26,367
130,2024-01-27,1365
130,2024-01-28,827
130,2024-01-29,1323
130,2024-01-30,557
131,2024-01-19,572
131,2024-01-20,1379
131,2024-01-21,1376
131,2024-01-22,1335
131,2024-01-23,1247
131,2024-01-24,1380
131,2024-01-25,1405
131,2024-01-26,1244
131,2024-01-27,1268
131,2024-01-28,1440
131,2024-01-29,1268
131,2024-01-30,1439
131,2024-01-31,837
132,2024-01-17,858
132,2024-01-18,1292
132,2024-01-19,1440
132,2024-01-20,1350
132,2024-01-21,1226
132,2024-01-22,1440
132,2024-01-23,1095
132,2024-01-24,1433
132,2024-01-25,1142
132,2024-01-26,1329
132,2024-01-27,1440
132,2024-01-28,1172
132,2024-01-29,1352
132,2024-01-30,1147
132,2024-01-31,959
132,2024-02-01,1187
132,2024-02-02,1051
132,2024-02-03,1389
132,2024-02-04,1295
132,2024-02-05,1195
132,2024-02-06,1073
132,2024-02-07,1115
133,2024-01-20,991
133,2024-01-23,1396
133,2024-01-24,1371
133,2024-01-25,1136
133,2024-01-26,1368
133,2024-01-27,1379
133,2024-01-28,1366
133,2024-01-29,1380
133,2024-01-30,1401
133,2024-01-31,1381
133,2024-02-01,1307
133,2024-02-02,1364
133,2024-02-03,1430
133,2024-02-04,1413
133,2024-02-05,1225
133,2024-02-06,1405
133,2024-02-07,1377
133,2024-02-08,1279
133,2024-02-09,1353
133,2024-02-10,1182
133,2024-02-11,1058
133,2024-02-12,1185
133,2024-02-13,1402
133,2024-02-14,1140
134,2024-01-30,820
134,2024-01-31,1369
134,2024-02-01,1404
134,2024-02-02,1412
134,2024-02-03,1185
134,2024-02-04,1383
134,2024-02-05,1361
134,2024-02-06,1307
134,2024-02-07,1175
134,2024-02-08,1162
134,2024-02-09,1302
134,2024-02-10,1264
134,2024-02-11,652
134,2024-02-12,521
134,2024-02-13,1341
134,2024-02-14,1096
134,2024-02-15,1339
134,2024-02-16,1195
134,2024-02-17,1369
134,2024-02-18,1386
134,2024-02-19,1340
134,2024-02-20,1279
134,2024-02-21,477
135,2024-02-03,899
135,2024-02-04,675
135,2024-02-05,684
135,2024-02-06,789
135,2024-02-07,1440
135,2024-02-08,1181
135,2024-02-09,1167
135,2024-02-10,1438
135,2024-02-11,997
135,2024-02-12,1398
135,2024-02-13,1303
135,2024-02-14,1360
135,2024-02-15,1056
135,2024-02-16,1440
135,2024-02-17,1011
135,2024-02-18,907
135,2024-02-19,1440
135,2024-02-20,1202
135,2024-02-21,1440
135,2024-02-22,987
136,2024-02-01,473
136,2024-02-02,1303
136,2024-02-03,1255
136,2024-02-04,1394
136,2024-02-05,1422
136,2024-02-06,1366
136,2024-02-07,1440
136,2024-02-08,443
136,2024-02-11,1440
136,2024-02-12,1376
136,2024-02-13,1440
136,2024-02-14,1063
136,2024-02-16,1440
136,2024-02-17,1203
136,2024-02-18,1440
136,2024-02-19,1210
136,2024-02-20,917
136,2024-02-21,1440
136,2024-02-22,1139
137,2024-02-11,1096
137,2024-02-12,1379
137,2024-02-13,1367
137,2024-02-14,1354
137,2024-02-15,1360
137,2024-02-16,1273
137,2024-02-17,1395
137,2024-02-18,1398
137,2024-02-19,1363
137,2024-02-20,1257
137,2024-02-21,1332
137,2024-02-22,1332
137,2024-02-23,1298
137,2024-02-24,900
138,2024-02-21,991
138,2024-02-22,1263
138,2024-02-23,1415
138,2024-02-24,470
138,2024-03-01,1290
138,2024-03-02,1437
138,2024-03-03,473
138,2024-03-04,1386
138,2024-03-05,1440
138,2024-03-06,1021
139,2024-02-18,1425
139,2024-02-19,1375
139,2024-02-20,1414
139,2024-02-21,1406
139,2024-02-22,1374
139,2024-02-23,1427
139,2024-02-24,1320
139,2024-02-25,1428
139,2024-02-26,1397
139,2024-02-27,1358
139,2024-02-28,1263
139,2024-02-29,1366
139,2024-03-01,1401
139,2024-03-02,1394
139,2024-03-03,1344
139,2024-03-04,1340
139,2024-03-05,1396
139,2024-03-06,1394
139,2024-03-07,1289
139,2024-03-08,1392
139,2024-03-09,1419
139,2024-03-10,1396
139,2024-03-11,1321
139,2024-03-12,1200
140,2024-02-27,1377
140,2024-02-28,1386
140,2024-02-29,1393
140,2024-03-01,1326
140,2024-03-02,1368
140,2024-03-03,1359
140,2024-03-04,1401
140,2024-03-05,1181
140,2024-03-06,1383
140,2024-03-07,1383
140,2024-03-08,1403
140,2024-03-09,1359
140,2024-03-10,1359
140,2024-03-11,1223
140,2024-03-12,1403
140,2024-03-13,1366
140,2024-03-14,1422
140,2024-03-15,1396
140,2024-03-16,1389
140,2024-03-17,1410
140,2024-03-18,1339
140,2024-03-19,1387
140,2024-03-20,1399
140,2024-03-21,961
141,2024-03-01,695
141,2024-03-02,877
141,2024-03-06,520
141,2024-03-14,504
141,2024-03-15,560
141,2024-03-16,701
141,2024-03-17,658
141,2024-03-18,648
141,2024-03-19,698
141,2024-03-20,860
141,2024-03-21,494
142,2024-03-09,1440
142,2024-03-10,775
142,2024-03-13,1440
142,2024-03-14,1301
142,2024-03-15,1440
142,2024-03-16,1290
142,2024-03-17,778
142,2024-03-19,976
142,2024-03-20,1440
142,2024-03-21,488
142,2024-03-22,1440
142,2024-03-23,949
142,2024-03-25,618
142,2024-03-26,1439
142,2024-03-27,879
142,2024-04-02,865
142,2024-04-03,1440
143,2024-02-28,766
143,2024-02-29,882
143,2024-03-01,1399
143,2024-03-02,1124
143,2024-03-03,1051
143,2024-03-04,1256
143,2024-03-05,1322
143,2024-03-06,1022
143,2024-03-07,917
143,2024-03-08,1092
143,2024-03-09,787
143,2024-03-10,1402
143,2024-03-11,1252
143,2024-03-12,1440
143,2024-03-13,645
143,2024-03-14,1290
143,2024-03-15,1069
143,2024-03-16,673
143,2024-03-17,377
143,2024-03-18,1265
143,2024-03-19,1202
143,2024-03-20,478
146,2024-03-12,1317
146,2024-03-13,1221
146,2024-03-14,1171
146,2024-03-15,1181
146,2024-03-16,1433
146,2024-03-17,701
146,2024-03-18,850
146,2024-03-19,1422
146,2024-03-20,1277
146,2024-03-21,1422
146,2024-03-22,1247
146,2024-03-23,955
146,2024-03-25,1204
146,2024-03-26,950
146,2024-03-27,1057
146,2024-03-28,1272
146,2024-03-29,666
146,2024-03-30,982
146,2024-03-31,1440
146,2024-04-01,668
147,2024-03-13,573
147,2024-03-14,1386
147,2024-03-15,1407
147,2024-03-16,1350
147,2024-03-17,1355
147,2024-03-18,1436
147,2024-03-19,1243
147,2024-03-20,1418
147,2024-03-21,1414
147,2024-03-22,1391
147,2024-03-23,1406
147,2024-03-24,1396
147,2024-03-25,1389
147,2024-03-26,1370
147,2024-03-27,1200
148,2024-03-10,1175
148,2024-03-11,1283
148,2024-03-12,1440
148,2024-03-13,1365
148,2024-03-14,1247
148,2024-03-15,1394
148,2024-03-16,1424
148,2024-03-17,1275
148,2024-03-18,1283
148,2024-03-19,1417
148,2024-03-20,1132
148,2024-03-21,1440
148,2024-03-22,759
148,2024-03-23,1400
148,2024-03-24,786
148,2024-03-25,1065
148,2024-03-26,1413
148,2024-03-27,1233
148,2024-03-28,1135
148,2024-03-29,874
148,2024-04-02,921
149,2024-03-08,1199
149,2024-03-09,1116
149,2024-03-10,820
149,2024-03-11,750
149,2024-03-12,1174
149,2024-03-13,1303
149,2024-03-14,1105
149,2024-03-15,1240
149,2024-03-16,1212
149,2024-03-18,620
149,2024-03-19,1426
149,2024-03-20,1128
149,2024-03-21,508
149,2024-03-22,1322
149,2024-03-24,499
149,2024-03-25,915
149,2024-03-26,1246
149,2024-03-27,1372
149,2024-03-28,760
149,2024-03-29,852
149,2024-03-30,426
149,2024-04-01,571
149,2024-04-02,1008
149,2024-04-03,451
150,2024-03-09,752
150,2024-03-10,1386
150,2024-03-11,1328
150,2024-03-12,1377
150,2024-03-13,1223
150,2024-03-14,1393
150,2024-03-15,1353
150,2024-03-16,1440
150,2024-03-17,1367
150,2024-03-18,1236
150,2024-03-19,924
150,2024-03-20,1393
150,2024-03-21,1427
150,2024-03-22,1399
150,2024-03-23,1440
150,2024-03-24,1364
150,2024-03-25,1372
150,2024-03-26,1374
150,2024-03-27,1347
150,2024-03-28,1080
150,2024-03-29,1385
150,2024-03-30,1351
150,2024-03-31,1260
150,2024-04-01,966
151,2024-03-12,491
151,2024-03-13,1306
151,2024-03-14,1224
151,2024-03-15,947
151,2024-03-24,645
151,2024-03-25,1124
151,2024-03-26,1430
151,2024-03-27,1153
151,2024-03-28,1379
151,2024-03-29,1228
151,2024-03-30,1437
151,2024-03-31,1057
151,2024-04-01,1413
151,2024-04-02,1381
151,2024-04-03,1439
151,2024-04-04,1282
151,2024-04-05,1402
151,2024-04-06,1440
151,2024-04-07,1055
151,2024-04-08,1440
151,2024-04-09,1218
151,2024-04-10,1440
151,2024-04-11,1078
152,2024-03-29,979
152,2024-03-31,795
152,2024-04-03,1306
152,2024-04-04,1133
152,2024-04-05,1210
152,2024-04-06,615
153,2024-03-16,1367
153,2024-03-17,1229
153,2024-03-18,1309
153,2024-03-19,1423
153,2024-03-20,1228
153,2024-03-21,1349
153,2024-03-22,1336
153,2024-03-23,1362
153,2024-03-24,1327
153,2024-03-25,1347
153,2024-03-26,1183
153,2024-03-27,1360
153,2024-03-28,1326
153,2024-03-29,1427
153,2024-03-30,1303
153,2024-03-31,1309
153,2024-04-01,1374
153,2024-04-02,1354
153,2024-04-03,420
155,2024-03-17,891
155,2024-03-18,1436
155,2024-03-19,1160
155,2024-03-20,1440
155,2024-03-21,1306
155,2024-03-22,1440
155,2024-03-23,1238
155,2024-03-24,1013
155,2024-03-25,1385
155,2024-03-26,1424
155,2024-03-27,1377
155,2024-03-28,1439
155,2024-03-29,1341
155,2024-03-30,1100
155,2024-03-31,1406
155,2024-04-01,1440
155,2024-04-02,1181
155,2024-04-03,1396
155,2024-04-04,1440
155,2024-04-05,1415
155,2024-04-06,1212
155,2024-04-07,1410
155,2024-04-08,1200
155,2024-04-09,750
156,2024-03-30,1318
156,2024-03-31,1241
156,2024-04-01,1241
156,2024-04-02,1345
156,2024-04-03,1371
156,2024-04-04,1318
156,2024-04-05,1356
156,2024-04-06,1392
156,2024-04-09,980
156,2024-04-10,1440
156,2024-04-11,1246
156,2024-04-12,1199
157,2024-03-29,1126
157,2024-03-30,997
157,2024-03-31,1440
157,2024-04-01,804
157,2024-04-02,1440
157,2024-04-03,958
157,2024-04-04,1440
157,2024-04-05,1317
157,2024-04-06,617
157,2024-04-07,1389
157,2024-04-08,1397
157,2024-04-09,966
157,2024-04-10,1440
157,2024-04-11,1230
159,2024-04-04,1307
159,2024-04-05,1187
159,2024-04-06,1289
159,2024-04-07,1360
159,2024-04-08,1368
159,2024-04-09,1366
159,2024-04-10,1408
159,2024-04-11,1144
159,2024-04-12,1374
159,2024-04-13,1375
159,2024-04-14,1440
159,2024-04-15,1319
159,2024-04-16,1014
160,2024-04-12,803
160,2024-04-13,646
160,2024-04-17,384
160,2024-04-19,1071
160,2024-04-20,502
160,2024-04-21,901
160,2024-04-22,1161
161,2024-04-11,657
161,2024-04-12,957
161,2024-04-13,1132
162,2024-04-17,1046
162,2024-04-18,1064
162,2024-04-19,1070
162,2024-04-20,806
162,2024-04-27,470
162,2024-04-28,558
162,2024-04-30,603
162,2024-05-01,606
162,2024-05-02,452
163,2024-04-16,458
163,2024-04-17,1440
163,2024-04-18,1234
163,2024-04-19,1412
163,2024-04-20,1099
163,2024-04-22,516
163,2024-04-23,1440
163,2024-04-24,924
163,2024-04-26,652
163,2024-04-30,461
163,2024-05-01,1200
164,2024-04-22,845
164,2024-04-23,633
164,2024-04-24,830
164,2024-04-25,813
164,2024-04-30,403
164,2024-05-05,558
164,2024-05-06,668
164,2024-05-07,832
164,2024-05-08,799
166,2024-04-23,1030
166,2024-04-24,1262
166,2024-04-25,1047
166,2024-04-26,1262
166,2024-04-27,967
166,2024-04-28,1243
166,2024-04-29,909
166,2024-04-30,506
166,2024-05-08,1440
166,2024-05-09,361
167,2024-04-24,503
167,2024-04-25,1168
167,2024-04-26,1215
167,2024-04-27,1074
167,2024-04-29,810
167,2024-04-30,1319
167,2024-05-01,1069
167,2024-05-02,1090
167,2024-05-03,1380
167,2024-05-04,1348
167,2024-05-05,525
167,2024-05-07,591
168,2024-04-25,618
168,2024-04-26,995
168,2024-04-27,1324
168,2024-04-28,1429
168,2024-04-29,1110
168,2024-04-30,1124
168,2024-05-01,1209
168,2024-05-03,418
368,2024-06-01,481
368,2024-06-02,947
368,2024-06-03,1440
368,2024-06-04,692
368,2024-06-13,1433
368,2024-06-14,1137
169,2024-04-24,434
169,2024-04-25,889
169,2024-04-26,867
169,2024-04-27,851
169,2024-04-28,952
169,2024-04-29,668
169,2024-04-30,814
169,2024-05-01,1280
169,2024-05-02,871
169,2024-05-03,993
169,2024-05-04,1301
169,2024-05-05,954
169,2024-05-06,1359
169,2024-05-07,1138
170,2024-04-30,536
170,2024-05-01,1393
170,2024-05-02,1199
170,2024-05-03,1318
170,2024-05-04,1393
170,2024-05-05,1349
170,2024-05-06,1361
170,2024-05-07,1322
170,2024-05-08,1220
170,2024-05-09,1251
170,2024-05-10,1374
170,2024-05-11,1419
170,2024-05-12,1301
170,2024-05-13,1200
171,2024-05-01,707
171,2024-05-02,793
171,2024-05-03,817
171,2024-05-05,594
171,2024-05-06,436
171,2024-05-07,891
171,2024-05-08,843
171,2024-05-10,813
172,2024-05-03,1331
172,2024-05-04,1275
172,2024-05-05,1367
172,2024-05-06,1344
172,2024-05-07,1272
172,2024-05-08,1320
172,2024-05-09,1203
172,2024-05-10,987
172,2024-05-11,1372
172,2024-05-12,1295
172,2024-05-13,1087
172,2024-05-14,1375
172,2024-05-15,1245
172,2024-05-16,1048
372,2024-05-18,1256
372,2024-05-19,460
372,2024-05-21,1291
372,2024-05-22,1336
372,2024-05-24,1248
372,2024-05-25,1282
372,2024-05-26,1314
372,2024-05-27,908
372,2024-05-28,1259
372,2024-05-29,1440
372,2024-05-30,1257
173,2024-05-03,924
173,2024-05-04,581
173,2024-05-06,1439
173,2024-05-07,584
173,2024-05-08,898
173,2024-05-09,764
173,2024-05-10,476
173,2024-05-11,1440
173,2024-05-12,1024
173,2024-05-14,546
173,2024-05-15,549
173,2024-05-16,1440
173,2024-05-17,438
173,2024-05-19,634
373,2024-05-20,921
373,2024-05-21,375
373,2024-05-22,1044
373,2024-05-23,1085
373,2024-05-24,865
373,2024-05-25,949
373,2024-05-29,559
373,2024-05-30,1069
373,2024-05-31,1267
373,2024-06-04,737
373,2024-06-08,1030
174,2024-05-04,1372
174,2024-05-07,459
174,2024-05-08,590
174,2024-05-09,1272
174,2024-05-10,1348
174,2024-05-11,1347
174,2024-05-12,1324
174,2024-05-13,1357
174,2024-05-14,1440
174,2024-05-15,1240
174,2024-05-16,1349
174,2024-05-17,1440
174,2024-05-18,1382
174,2024-05-19,1390
174,2024-05-20,1419
174,2024-05-21,616
374,2024-05-21,769
374,2024-05-22,1439
374,2024-05-23,1336
374,2024-05-24,1325
374,2024-05-25,1378
374,2024-05-26,862
374,2024-05-30,1255
374,2024-05-31,1318
374,2024-06-01,1354
374,2024-06-02,1018
374,2024-06-03,1321
374,2024-06-04,1374
374,2024-06-05,1057
175,2024-05-08,1234
175,2024-05-09,840
175,2024-05-10,1385
175,2024-05-11,1233
175,2024-05-12,1439
175,2024-05-13,1109
175,2024-05-14,1438
175,2024-05-15,1235
175,2024-05-16,1057
175,2024-05-17,713
175,2024-05-18,1406
175,2024-05-19,1439
175,2024-05-20,892
375,2024-05-21,1223
375,2024-05-22,625
375,2024-05-23,1439
375,2024-05-24,1166
375,2024-05-25,855
375,2024-05-26,765
375,2024-05-28,1438
375,2024-05-29,991
375,2024-05-31,1439
375,2024-06-01,1161
375,2024-06-02,460
375,2024-06-03,1423
375,2024-06-04,932
176,2024-05-10,1235
176,2024-05-11,1421
176,2024-05-16,419
176,2024-05-17,1233
176,2024-05-18,1440
176,2024-05-19,1440
176,2024-05-25,683
176,2024-05-26,1394
376,2024-05-30,973
376,2024-05-31,1019
376,2024-06-01,642
376,2024-06-02,730
376,2024-06-03,1440
376,2024-06-04,748
376,2024-06-06,668
376,2024-06-07,610
376,2024-06-11,365
376,2024-06-14,920
376,2024-06-15,1063
376,2024-06-16,485
376,2024-06-17,1147
376,2024-06-18,508
177,2024-05-18,1355
177,2024-05-21,562
177,2024-05-24,1287
177,2024-05-26,1439
177,2024-05-27,1077
177,2024-05-30,1300
177,2024-05-31,1290
177,2024-06-01,539
177,2024-06-02,1440
177,2024-06-03,575
177,2024-06-04,486
178,2024-05-09,1088
178,2024-05-10,1196
178,2024-05-11,803
178,2024-05-12,1436
178,2024-05-13,1265
178,2024-05-14,1433
178,2024-05-15,1136
178,2024-05-16,976
178,2024-05-17,1386
178,2024-05-18,1388
178,2024-05-19,1437
178,2024-05-20,1296
178,2024-05-21,1194
378,2024-05-28,1406
378,2024-05-29,1440
378,2024-06-01,1309
378,2024-06-02,821
378,2024-06-05,916
179,2024-05-13,1336
179,2024-05-14,1427
179,2024-05-15,620
179,2024-05-16,1281
179,2024-05-17,1440
179,2024-05-18,569
179,2024-05-19,1431
179,2024-05-20,638
179,2024-05-22,1439
179,2024-05-23,1132
179,2024-05-24,661
179,2024-05-26,1435
179,2024-05-27,911
179,2024-05-28,1140
379,2024-05-31,1420
379,2024-06-01,1006
379,2024-06-02,957
379,2024-06-03,840
379,2024-06-04,942
379,2024-06-05,1007
379,2024-06-06,630
379,2024-06-07,1292
379,2024-06-08,605
379,2024-06-11,804
379,2024-06-12,769
379,2024-06-13,448
180,2024-05-13,627
180,2024-05-15,652
180,2024-05-16,1351
180,2024-05-17,1102
180,2024-05-18,1403
180,2024-05-19,1175
180,2024-05-20,1409
180,2024-05-21,713
180,2024-05-22,740
180,2024-05-23,1070
180,2024-05-24,591
180,2024-05-25,848
180,2024-05-26,1094
180,2024-05-27,1387
180,2024-05-28,434
380,2024-05-29,450
380,2024-05-30,1421
380,2024-05-31,1149
380,2024-06-01,1046
380,2024-06-02,1417
380,2024-06-03,1420
380,2024-06-04,1350
380,2024-06-05,1365
380,2024-06-06,1406
380,2024-06-07,1302
380,2024-06-08,1420
380,2024-06-09,1304
380,2024-06-10,985
380,2024-06-11,1179
380,2024-06-12,765
181,2024-05-31,1429
181,2024-06-01,1425
181,2024-06-02,1358
181,2024-06-03,1394
181,2024-06-04,870
181,2024-06-05,638
181,2024-06-08,1115
181,2024-06-10,1440
181,2024-06-11,742
181,2024-06-12,664
381,2024-06-14,589
381,2024-06-15,697
381,2024-06-16,496
381,2024-06-18,490
381,2024-06-19,848
381,2024-06-20,1440
381,2024-06-21,739
381,2024-06-22,751
381,2024-06-23,614
381,2024-06-24,667
381,2024-06-25,463
381,2024-06-26,545
381,2024-06-27,735
182,2024-05-17,1209
182,2024-05-18,917
182,2024-05-20,1003
182,2024-05-21,1215
182,2024-05-22,1304
182,2024-05-23,1259
182,2024-05-24,921
182,2024-05-26,1198
182,2024-05-27,1147
182,2024-05-28,1124
182,2024-05-29,1135
182,2024-05-30,1267
182,2024-05-31,1161
182,2024-06-01,854
382,2024-06-05,911
382,2024-06-06,878
382,2024-06-08,1107
382,2024-06-09,1184
382,2024-06-10,836
382,2024-06-11,841
382,2024-06-12,764
382,2024-06-13,1082
382,2024-06-14,1002
382,2024-06-15,1216
382,2024-06-16,1301
382,2024-06-17,842
382,2024-06-18,665
183,2024-05-23,735
183,2024-05-24,1367
183,2024-05-25,906
183,2024-05-26,1348
183,2024-05-27,1426
183,2024-05-28,643
183,2024-05-29,1074
183,2024-05-30,491
183,2024-05-31,1123
183,2024-06-01,1359
183,2024-06-02,1432
183,2024-06-03,1123
183,2024-06-04,1342
183,2024-06-05,1082
383,2024-06-07,1310
383,2024-06-08,711
383,2024-06-09,1384
383,2024-06-10,786
383,2024-06-11,531
383,2024-06-12,1182
383,2024-06-13,556
383,2024-06-14,1377
383,2024-06-15,1440
383,2024-06-17,1440
383,2024-06-18,1440
383,2024-06-19,533
383,2024-06-20,1274
383,2024-06-21,1200
301,2023-12-11,550
305,2023-12-08,1366
305,2023-12-09,1374
305,2023-12-10,1201
305,2023-12-11,1201
305,2023-12-12,1353
305,2023-12-13,1438
305,2023-12-14,1380
305,2023-12-15,1265
305,2023-12-16,1410
305,2023-12-17,1337
305,2023-12-18,1198
305,2023-12-19,1314
305,2023-12-20,1356
305,2023-12-21,1364
305,2023-12-22,614
306,2023-12-14,1439
306,2023-12-15,992
306,2023-12-16,405
306,2023-12-18,1439
306,2023-12-19,1392
306,2023-12-20,557
306,2023-12-21,994
306,2023-12-22,610
306,2023-12-23,975
306,2023-12-24,1182
306,2023-12-25,1032
306,2023-12-26,1440
306,2023-12-27,929
306,2023-12-28,1377
306,2023-12-29,1431
306,2023-12-30,672
306,2024-01-01,714
306,2024-01-02,648
306,2024-01-03,745
306,2024-01-04,744
308,2024-01-04,600
308,2024-01-05,1370
308,2024-01-06,1363
308,2024-01-07,704
308,2024-01-08,1364
308,2024-01-09,1343
308,2024-01-10,1348
308,2024-01-11,1402
308,2024-01-12,1417
308,2024-01-13,1439
308,2024-01-14,1049
308,2024-01-15,1439
308,2024-01-16,1389
308,2024-01-17,1375
308,2024-01-18,1348
308,2024-01-19,1331
308,2024-01-20,1439
308,2024-01-21,1326
308,2024-01-22,1391
308,2024-01-23,1379
308,2024-01-24,1341
308,2024-01-25,403
309,2024-01-04,1405
309,2024-01-05,806
309,2024-01-06,700
309,2024-01-07,1392
309,2024-01-08,1243
309,2024-01-09,798
309,2024-01-10,1439
309,2024-01-11,1346
309,2024-01-12,491
309,2024-01-13,1440
309,2024-01-14,1358
309,2024-01-16,1438
309,2024-01-17,1243
309,2024-01-19,1025
309,2024-01-20,1346
309,2024-01-21,1106
309,2024-01-22,1415
309,2024-01-23,1025
310,2024-01-03,827
310,2024-01-04,1048
310,2024-01-05,1023
310,2024-01-06,1059
310,2024-01-07,915
310,2024-01-08,823
310,2024-01-09,934
310,2024-01-10,978
310,2024-01-11,1246
310,2024-01-12,1381
310,2024-01-13,1411
310,2024-01-14,1433
310,2024-01-15,1051
310,2024-01-16,1440
310,2024-01-17,1324
310,2024-01-18,737
310,2024-01-19,1440
310,2024-01-20,1335
310,2024-01-21,722
310,2024-01-22,1229
310,2024-01-23,1130
310,2024-01-24,1438
310,2024-01-25,1239
310,2024-01-26,1077
311,2023-12-27,1337
311,2023-12-28,1440
311,2023-12-29,1322
311,2023-12-30,1440
311,2023-12-31,1279
311,2024-01-01,1312
311,2024-01-02,1439
311,2024-01-03,1366
311,2024-01-04,1432
311,2024-01-05,1378
311,2024-01-06,1368
311,2024-01-07,926
311,2024-01-08,1398
311,2024-01-09,1261
311,2024-01-10,1440
311,2024-01-11,1345
311,2024-01-12,981
311,2024-01-16,1440
311,2024-01-17,1304
311,2024-01-18,1439
311,2024-01-19,1057
312,2024-02-21,584
312,2024-02-26,367
312,2024-02-27,530
312,2024-02-28,1340
312,2024-02-29,768
312,2024-03-03,361
312,2024-03-04,490
312,2024-03-05,948
315,2024-01-25,680
315,2024-01-28,1440
315,2024-01-29,1381
315,2024-01-30,1419
315,2024-01-31,511
315,2024-02-01,881
315,2024-02-02,1439
315,2024-02-03,1422
315,2024-02-04,1255
315,2024-02-05,980
315,2024-02-06,1222
315,2024-02-07,1437
315,2024-02-08,936
316,2023-12-23,505
316,2023-12-24,1314
316,2023-12-25,1440
316,2023-12-26,1372
316,2023-12-27,1437
316,2023-12-28,1362
316,2023-12-29,1410
316,2023-12-30,1366
316,2023-12-31,1440
316,2024-01-01,1366
316,2024-01-02,1440
316,2024-01-03,1245
316,2024-01-04,1440
316,2024-01-05,1026
317,2024-01-12,1409
317,2024-01-13,1236
317,2024-01-14,1370
317,2024-01-15,846
317,2024-01-16,1206
317,2024-01-18,1300
317,2024-01-19,782
317,2024-01-20,1361
317,2024-01-21,775
317,2024-01-22,644
317,2024-01-23,1262
317,2024-01-24,1261
317,2024-01-25,1365
317,2024-01-26,1439
317,2024-01-27,1376
317,2024-01-28,1272
317,2024-01-29,1153
317,2024-01-30,1404
317,2024-01-31,1409
317,2024-02-01,1173
317,2024-02-02,582
318,2024-01-06,1438
318,2024-01-07,1321
318,2024-01-08,1005
318,2024-01-09,1440
318,2024-01-10,1358
318,2024-01-11,1357
318,2024-01-12,1169
318,2024-01-13,1440
318,2024-01-14,1419
318,2024-01-16,1411
318,2024-01-17,1439
318,2024-01-18,960
318,2024-01-20,1280
318,2024-01-21,988
318,2024-01-22,522
318,2024-01-23,1426
318,2024-01-24,1248
318,2024-01-25,679
319,2024-01-10,774
319,2024-01-12,805
319,2024-01-13,956
319,2024-01-14,721
319,2024-01-15,498
319,2024-01-16,824
319,2024-01-17,664
319,2024-01-18,870
319,2024-01-19,944
319,2024-01-20,1395
319,2024-01-21,1189
319,2024-01-22,954
319,2024-01-23,1381
319,2024-01-24,1370
319,2024-01-25,1223
319,2024-01-28,1053
319,2024-01-29,1320
319,2024-01-30,1140
320,2024-01-27,1439
320,2024-01-28,684
320,2024-01-29,1022
320,2024-01-30,1424
320,2024-01-31,1254
320,2024-02-02,1439
320,2024-02-03,1437
320,2024-02-04,486
320,2024-02-05,1435
320,2024-02-06,1247
320,2024-02-07,966
320,2024-02-08,1252
320,2024-02-10,1440
320,2024-02-11,968
320,2024-02-12,1424
320,2024-02-13,1070
320,2024-02-15,1388
320,2024-02-16,1140
321,2024-02-01,816
321,2024-02-02,1254
321,2024-02-03,1275
321,2024-02-04,1337
321,2024-02-05,916
321,2024-02-06,1099
321,2024-02-07,1440
321,2024-02-08,1256
321,2024-02-09,966
321,2024-02-10,1002
321,2024-02-12,708
321,2024-02-13,1355
321,2024-02-14,527
321,2024-02-16,1439
321,2024-02-17,1322
321,2024-02-21,731
321,2024-02-22,1058
321,2024-02-25,1102
322,2024-02-11,1375
322,2024-02-12,1270
322,2024-02-17,1437
322,2024-02-18,1419
322,2024-02-21,1435
322,2024-02-22,1391
322,2024-02-27,1439
322,2024-02-28,1438
322,2024-03-02,665
322,2024-03-03,603
323,2024-01-28,1439
323,2024-01-29,1233
323,2024-01-30,1000
323,2024-01-31,1439
323,2024-02-01,1223
323,2024-02-02,1440
323,2024-02-03,1364
323,2024-02-06,1440
323,2024-02-07,1258
323,2024-02-11,1068
323,2024-02-18,782
323,2024-02-19,1069
323,2024-02-21,1438
323,2024-02-22,1440
323,2024-02-27,1440
323,2024-02-28,1139
324,2024-02-11,741
324,2024-02-13,517
324,2024-02-22,644
324,2024-02-24,540
324,2024-02-25,521
324,2024-02-26,726
324,2024-02-28,575
324,2024-02-29,757
324,2024-03-01,825
325,2024-01-27,416
325,2024-01-28,914
325,2024-01-29,962
325,2024-01-30,1366
325,2024-01-31,1143
325,2024-02-01,1387
325,2024-02-02,1395
325,2024-02-03,1432
325,2024-02-04,1338
325,2024-02-05,1268
325,2024-02-06,558
325,2024-02-07,1290
325,2024-02-08,1435
325,2024-02-09,660
325,2024-02-10,1440
325,2024-02-11,457
325,2024-02-13,1440
325,2024-02-14,578
325,2024-02-15,1440
325,2024-02-16,945
326,2024-02-01,1275
326,2024-02-02,1256
326,2024-02-04,1403
326,2024-02-05,851
326,2024-02-07,1217
326,2024-02-08,606
326,2024-02-09,972
326,2024-02-11,586
326,2024-02-12,1330
326,2024-02-13,874
327,2024-03-05,430
327,2024-03-06,1372
327,2024-03-07,1235
327,2024-03-08,932
327,2024-03-09,1440
327,2024-03-10,1114
327,2024-03-11,1353
327,2024-03-12,1074
327,2024-03-13,1379
327,2024-03-14,1099
327,2024-03-15,744
327,2024-03-16,1152
327,2024-03-17,714
327,2024-03-26,1201
327,2024-03-27,1230
327,2024-03-28,1314
327,2024-03-29,1433
327,2024-03-30,946
327,2024-03-31,1063
327,2024-04-01,703
327,2024-04-02,1003
328,2024-02-15,1209
328,2024-02-16,1279
328,2024-02-17,1412
328,2024-02-18,1282
328,2024-02-19,1160
328,2024-02-20,896
328,2024-02-21,1151
328,2024-02-22,1031
328,2024-02-23,1402
328,2024-02-24,479
328,2024-02-28,1113
328,2024-02-29,1440
328,2024-03-02,876
328,2024-03-03,1381
328,2024-03-04,1423
328,2024-03-05,403
329,2024-02-17,636
329,2024-02-29,684
330,2024-02-01,518
330,2024-02-02,1339
330,2024-02-03,1276
330,2024-02-04,1199
330,2024-02-05,1333
330,2024-02-06,1306
330,2024-02-07,1354
330,2024-02-08,1205
330,2024-02-09,1314
330,2024-02-10,1312
330,2024-02-11,1163
330,2024-02-12,1079
330,2024-02-13,1359
330,2024-02-14,1373
330,2024-02-15,1380
330,2024-02-16,456
331,2024-02-03,920
331,2024-02-08,1238
331,2024-02-09,1195
331,2024-02-10,949
331,2024-02-11,993
331,2024-02-12,654
331,2024-02-15,1351
331,2024-02-16,617
332,2024-02-10,1420
332,2024-02-11,651
332,2024-02-15,1108
332,2024-02-16,1165
332,2024-02-19,939
332,2024-02-20,805
332,2024-02-21,1365
332,2024-02-22,1359
332,2024-02-23,1424
332,2024-02-24,1335
332,2024-02-25,1018
332,2024-02-27,470
332,2024-02-29,1103
333,2024-02-17,459
333,2024-02-18,1223
333,2024-02-19,1326
333,2024-02-20,1321
333,2024-02-21,1394
333,2024-02-22,1355
333,2024-02-23,1261
333,2024-02-27,610
333,2024-02-28,1302
333,2024-02-29,1262
333,2024-03-01,1303
333,2024-03-02,999
333,2024-03-04,497
334,2024-02-21,810
334,2024-02-22,1358
334,2024-02-23,942
334,2024-02-24,1431
334,2024-02-25,1299
334,2024-02-26,1407
334,2024-02-27,988
334,2024-02-28,1409
334,2024-02-29,1331
334,2024-03-01,1357
334,2024-03-02,1302
334,2024-03-03,1429
334,2024-03-04,1346
334,2024-03-05,1364
334,2024-03-06,1359
334,2024-03-07,1315
334,2024-03-08,1327
334,2024-03-09,1354
334,2024-03-10,1430
334,2024-03-11,1287
334,2024-03-12,1420
334,2024-03-13,602
335,2024-02-24,1425
335,2024-02-25,1334
335,2024-02-26,1308
335,2024-02-27,1433
335,2024-02-28,1384
335,2024-02-29,1431
335,2024-03-01,1272
335,2024-03-02,1436
335,2024-03-03,1369
335,2024-03-04,1409
335,2024-03-05,1340
335,2024-03-06,1184
335,2024-03-07,1356
335,2024-03-08,1423
335,2024-03-09,1343
335,2024-03-10,652
335,2024-03-11,1356
335,2024-03-12,1266
335,2024-03-13,1192
335,2024-03-14,1128
335,2024-03-15,513
336,2024-02-25,1397
336,2024-02-26,1222
336,2024-02-27,1345
336,2024-02-28,1262
336,2024-02-29,1288
336,2024-03-01,959
336,2024-03-02,1021
336,2024-03-03,1440
336,2024-03-04,737
336,2024-03-05,986
336,2024-03-06,619
336,2024-03-07,1013
336,2024-03-08,568
336,2024-03-09,1440
336,2024-03-10,1372
336,2024-03-11,1380
336,2024-03-12,1332
336,2024-03-13,1057
336,2024-03-14,1361
336,2024-03-15,1022
336,2024-03-16,1072
337,2024-02-25,1426
337,2024-02-26,1389
337,2024-02-27,1440
337,2024-02-28,1366
337,2024-02-29,1317
337,2024-03-01,1433
337,2024-03-02,1307
337,2024-03-03,1426
337,2024-03-04,1419
337,2024-03-05,554
337,2024-03-06,1440
337,2024-03-07,1090
337,2024-03-08,1429
337,2024-03-09,1336
337,2024-03-11,1131
338,2024-04-02,1145
338,2024-04-03,1440
338,2024-04-04,737
338,2024-04-05,1305
338,2024-04-06,1193
338,2024-04-07,479
338,2024-04-09,869
338,2024-04-12,1430
338,2024-04-13,983
339,2024-03-16,1384
339,2024-03-17,1440
339,2024-03-18,1318
339,2024-03-19,1379
339,2024-03-20,1255
339,2024-03-21,1066
339,2024-03-22,1134
339,2024-03-23,759
339,2024-03-24,783
339,2024-03-25,1231
339,2024-03-26,991
339,2024-03-27,1393
339,2024-03-28,1440
339,2024-03-29,1337
339,2024-03-30,1440
339,2024-03-31,1328
339,2024-04-01,1434
339,2024-04-02,1218
339,2024-04-03,1200
340,2024-04-05,1399
340,2024-04-06,1422
340,2024-04-07,1345
340,2024-04-08,1439
340,2024-04-09,1420
340,2024-04-10,1413
340,2024-04-11,1393
340,2024-04-12,1383
340,2024-04-13,1366
340,2024-04-14,1419
340,2024-04-15,1411
340,2024-04-16,1359
341,2024-03-24,721
341,2024-03-25,664
341,2024-03-28,1035
341,2024-04-14,448
341,2024-04-17,1041
341,2024-04-20,435
341,2024-04-22,533
342,2024-04-05,1278
342,2024-04-06,1343
342,2024-04-07,570
342,2024-04-09,535
343,2024-03-20,758
343,2024-03-22,688
343,2024-03-23,930
343,2024-03-24,1252
343,2024-03-27,391
343,2024-03-28,1440
343,2024-03-29,616
343,2024-03-31,605
346,2024-04-06,879
346,2024-04-07,1427
346,2024-04-08,1081
346,2024-04-09,1213
346,2024-04-10,1285
346,2024-04-11,890
346,2024-04-12,1230
346,2024-04-13,1388
346,2024-04-14,1325
346,2024-04-15,1369
346,2024-04-16,1191
346,2024-04-17,1355
346,2024-04-18,1131
346,2024-04-19,1345
346,2024-04-20,1283
346,2024-04-21,1162
346,2024-04-22,1424
346,2024-04-23,1132
346,2024-04-24,1440
346,2024-04-25,1190
346,2024-04-26,418
347,2024-03-29,990
347,2024-03-30,1313
347,2024-03-31,1145
347,2024-04-01,1360
347,2024-04-02,1007
347,2024-04-03,1370
347,2024-04-04,1433
347,2024-04-05,440
347,2024-04-08,1325
347,2024-04-09,1363
347,2024-04-10,1429
347,2024-04-11,1199
348,2024-04-04,1436
348,2024-04-05,1366
348,2024-04-06,1391
348,2024-04-07,1201
348,2024-04-08,1417
348,2024-04-09,505
348,2024-04-10,1338
348,2024-04-11,1231
348,2024-04-12,1007
348,2024-04-13,1399
348,2024-04-14,1138
348,2024-04-15,1440
348,2024-04-16,563
349,2024-04-03,473
349,2024-04-04,1046
349,2024-04-05,1181
349,2024-04-06,670
349,2024-04-07,532
349,2024-04-08,585
349,2024-04-09,629
349,2024-04-10,596
349,2024-04-11,1407
349,2024-04-12,608
349,2024-04-13,1440
349,2024-04-14,1348
349,2024-04-15,1440
349,2024-04-16,1027
349,2024-04-17,1440
349,2024-04-18,540
349,2024-04-19,1440
349,2024-04-20,649
349,2024-04-21,1440
349,2024-04-22,1191
349,2024-04-23,603
350,2024-04-02,879
350,2024-04-03,1362
350,2024-04-04,1239
350,2024-04-05,1220
350,2024-04-06,1330
350,2024-04-07,1341
350,2024-04-08,1420
350,2024-04-09,1160
350,2024-04-10,1069
350,2024-04-11,640
350,2024-04-12,1119
350,2024-04-13,1440
350,2024-04-14,1320
350,2024-04-15,844
350,2024-04-16,886
351,2024-04-14,895
351,2024-04-15,507
351,2024-04-16,1440
351,2024-04-17,1332
351,2024-04-18,884
351,2024-04-19,1420
351,2024-04-20,521
351,2024-04-22,1417
351,2024-04-23,1315
351,2024-04-24,1436
351,2024-04-25,1249
351,2024-04-26,870
351,2024-04-27,1440
351,2024-04-28,749
351,2024-04-29,1328
351,2024-04-30,864
353,2024-04-03,665
353,2024-04-04,742
353,2024-04-05,854
353,2024-04-06,1235
353,2024-04-07,1099
353,2024-04-08,1142
353,2024-04-09,696
353,2024-04-10,1151
353,2024-04-11,1148
353,2024-04-12,1107
353,2024-04-13,1440
353,2024-04-14,851
353,2024-04-15,1385
353,2024-04-16,1015
355,2024-04-10,934
355,2024-04-11,592
355,2024-04-12,1378
355,2024-04-13,1438
355,2024-04-14,987
355,2024-04-18,1438
355,2024-04-19,1099
355,2024-04-20,1440
355,2024-04-21,854
355,2024-04-22,982
355,2024-04-23,1317
355,2024-04-24,1028
355,2024-04-25,1270
356,2024-04-13,415
356,2024-04-15,1331
356,2024-04-16,1189
356,2024-04-17,1440
356,2024-04-18,668
356,2024-04-19,1440
356,2024-04-20,1182
356,2024-04-21,922
356,2024-04-22,1278
356,2024-04-23,1161
356,2024-04-24,1332
356,2024-04-25,1440
356,2024-04-26,1440
356,2024-04-29,1262
356,2024-04-30,666
357,2024-04-13,818
357,2024-04-14,1309
357,2024-04-15,546
357,2024-04-16,1411
357,2024-04-17,568
357,2024-04-18,1404
357,2024-04-19,1228
357,2024-04-20,1282
357,2024-04-21,1092
357,2024-04-22,372
357,2024-04-23,1420
357,2024-04-24,1001
357,2024-04-25,1417
357,2024-04-26,1102
357,2024-04-27,1199
359,2024-04-17,1024
359,2024-04-18,1365
359,2024-04-19,1358
359,2024-04-20,1111
359,2024-04-21,1389
359,2024-04-22,1371
359,2024-04-23,1184
359,2024-04-24,1367
359,2024-04-25,1383
359,2024-04-26,1204
359,2024-04-27,501
359,2024-04-28,1185
359,2024-04-29,1410
360,2024-04-25,533
360,2024-04-26,1257
360,2024-04-27,742
360,2024-04-28,545
360,2024-04-29,933
360,2024-04-30,804
360,2024-05-01,1417
360,2024-05-02,1252
360,2024-05-07,584
360,2024-05-08,1122
360,2024-05-09,1440
360,2024-05-10,1318
360,2024-05-11,1440
360,2024-05-12,1174
360,2024-05-13,1440
360,2024-05-14,724
361,2024-04-27,1410
361,2024-04-29,665
361,2024-04-30,676
361,2024-05-01,718
361,2024-05-02,395
361,2024-05-03,909
361,2024-05-04,449
361,2024-05-05,983
361,2024-05-06,916
361,2024-05-07,762
361,2024-05-10,782
361,2024-05-13,400
362,2024-05-05,615
362,2024-05-06,641
362,2024-05-07,627
362,2024-05-08,487
362,2024-05-10,554
362,2024-05-11,783
362,2024-05-12,576
362,2024-05-13,599
362,2024-05-14,1075
362,2024-05-15,447
362,2024-05-20,920
362,2024-05-21,615
362,2024-05-22,623
362,2024-05-23,449
363,2024-05-02,793
363,2024-05-03,528
363,2024-05-05,1166
363,2024-05-06,1362
363,2024-05-07,1187
363,2024-05-08,1007
363,2024-05-09,1404
363,2024-05-10,853
363,2024-05-11,434
363,2024-05-12,883
363,2024-05-13,1120
363,2024-05-14,1319
363,2024-05-15,1367
363,2024-05-16,1091
363,2024-05-17,1440
363,2024-05-18,1418
363,2024-05-19,434
363,2024-05-20,1308
363,2024-05-21,794
363,2024-05-23,1199
366,2024-05-10,391
366,2024-05-11,1266
366,2024-05-12,448
367,2024-05-08,861
367,2024-05-09,1164
367,2024-05-10,1050
367,2024-05-11,1223
367,2024-05-12,1308
367,2024-05-13,1329
367,2024-05-14,1197
367,2024-05-15,1251
367,2024-05-16,1354
367,2024-05-17,1376
367,2024-05-18,1382
367,2024-05-19,1170
367,2024-05-20,1298
367,2024-05-21,723
367,2024-05-22,1311
367,2024-05-23,919
369,2024-05-08,627
369,2024-05-09,772
369,2024-05-10,861
369,2024-05-11,846
369,2024-05-12,719
369,2024-05-13,1379
369,2024-05-14,781
369,2024-05-15,817
369,2024-05-16,907
369,2024-05-17,1068
369,2024-05-18,1440
369,2024-05-19,1186
369,2024-05-20,1264
369,2024-05-21,1389
369,2024-05-22,1336
369,2024-05-23,876
370,2024-05-14,805
370,2024-05-15,1249
370,2024-05-16,1066
370,2024-05-17,434
370,2024-05-18,1118
370,2024-05-19,894
370,2024-05-20,1103
370,2024-05-21,1001
370,2024-05-22,1128
370,2024-05-24,540
370,2024-05-25,702
370,2024-05-27,440
371,2024-05-16,902
371,2024-05-17,884
371,2024-05-18,1047
371,2024-05-19,1326
371,2024-05-20,1276
371,2024-05-21,912
371,2024-05-23,885
371,2024-05-24,875
371,2024-05-25,1045
371,2024-05-26,1158
371,2024-05-27,1438
371,2024-05-28,752
371,2024-05-29,554
184,2024-05-25,695
184,2024-05-26,1238
184,2024-05-27,1269
184,2024-05-28,1339
184,2024-05-29,1380
184,2024-05-30,1142
184,2024-05-31,1413
184,2024-06-01,1312
184,2024-06-02,1352
184,2024-06-03,1270
184,2024-06-04,1403
184,2024-06-05,1346
184,2024-06-06,1357
184,2024-06-07,1023
384,2024-06-08,473
384,2024-06-09,1359
384,2024-06-10,1367
384,2024-06-11,1351
384,2024-06-12,1361
384,2024-06-13,1212
384,2024-06-14,1374
384,2024-06-15,1112
384,2024-06-16,1307
384,2024-06-17,1316
384,2024-06-18,1370
384,2024-06-19,1312
384,2024-06-20,1246
384,2024-06-21,1320
384,2024-06-22,429
185,2024-05-27,742
185,2024-05-28,944
185,2024-05-29,872
185,2024-05-30,618
185,2024-05-31,1279
185,2024-06-04,992
185,2024-06-05,1361
185,2024-06-10,659
185,2024-06-12,1104
185,2024-06-13,1046
185,2024-06-21,851
385,2024-06-29,1440
385,2024-06-30,1239
385,2024-07-01,1387
385,2024-07-02,891
385,2024-07-03,1404
385,2024-07-04,1382
385,2024-07-05,1440
385,2024-07-06,1252
385,2024-07-07,1440
385,2024-07-08,1250
385,2024-07-09,1436
385,2024-07-10,1041
385,2024-07-11,1439
385,2024-07-12,1226
385,2024-07-13,803
385,2024-07-14,1440
385,2024-07-15,836
385,2024-07-16,1375
385,2024-07-17,1033
385,2024-07-18,1386
385,2024-07-19,1439
385,2024-07-20,740
385,2024-07-21,1378
385,2024-07-22,1299
385,2024-07-23,1440
385,2024-07-24,752
385,2024-07-25,692
186,2024-06-02,1379
186,2024-06-03,1276
186,2024-06-04,927
186,2024-06-05,585
186,2024-06-06,958
186,2024-06-07,626
186,2024-06-08,1075
186,2024-06-09,863
186,2024-06-10,689
186,2024-06-11,1066
186,2024-06-12,784
186,2024-06-13,929
186,2024-06-14,834
186,2024-06-15,875
186,2024-06-16,929
186,2024-06-17,637
186,2024-06-18,395
386,2024-06-22,792
386,2024-06-23,1041
386,2024-06-24,1095
386,2024-06-25,465
386,2024-06-27,483
386,2024-06-28,600
386,2024-06-29,1231
386,2024-06-30,1428
386,2024-07-01,517
386,2024-07-02,1271
386,2024-07-03,816
386,2024-07-11,731
386,2024-07-12,870
386,2024-07-14,1016
386,2024-07-16,846
386,2024-07-17,474
386,2024-07-18,1429
187,2024-06-05,1440
187,2024-06-06,706
187,2024-06-07,1440
187,2024-06-08,475
187,2024-06-09,992
187,2024-06-10,1390
187,2024-06-11,1316
187,2024-06-12,1338
187,2024-06-13,546
187,2024-06-14,1440
187,2024-06-15,752
187,2024-06-16,1434
187,2024-06-17,1328
187,2024-06-18,1440
187,2024-06-19,1362
187,2024-06-20,1440
187,2024-06-21,1417
187,2024-06-22,750
187,2024-06-23,1361
187,2024-06-24,1062
187,2024-06-25,1440
187,2024-06-26,704
187,2024-06-27,1440
187,2024-06-28,1363
187,2024-06-29,1440
187,2024-06-30,1347
187,2024-07-01,1440
187,2024-07-02,1374
187,2024-07-03,1020
387,2024-07-04,420
387,2024-07-05,947
387,2024-07-06,1440
387,2024-07-07,1217
387,2024-07-08,1440
387,2024-07-09,889
387,2024-07-10,1440
387,2024-07-11,1440
387,2024-07-12,866
387,2024-07-13,1440
387,2024-07-14,1041
387,2024-07-15,1440
387,2024-07-16,1020
188,2024-06-06,770
188,2024-06-07,898
188,2024-06-08,1257
188,2024-06-09,1370
188,2024-06-10,1341
188,2024-06-11,904
188,2024-06-12,882
188,2024-06-13,1361
188,2024-06-14,1290
188,2024-06-15,1310
188,2024-06-16,1440
188,2024-06-17,1314
188,2024-06-18,923
188,2024-06-19,1345
188,2024-06-20,1208
188,2024-06-21,1020
388,2024-06-22,725
388,2024-06-23,1440
388,2024-06-24,1235
388,2024-06-25,1390
388,2024-06-26,1409
388,2024-06-27,1216
388,2024-06-28,1439
388,2024-06-29,1244
388,2024-06-30,1230
388,2024-07-01,466
388,2024-07-02,1440
388,2024-07-03,1037
388,2024-07-04,1369
388,2024-07-05,1204
388,2024-07-06,988
189,2024-06-10,1331
189,2024-06-11,1274
189,2024-06-12,1290
189,2024-06-13,1288
189,2024-06-14,1351
189,2024-06-15,1279
189,2024-06-16,1354
189,2024-06-17,1259
189,2024-06-18,1387
189,2024-06-19,1426
189,2024-06-20,1242
189,2024-06-21,1345
189,2024-06-22,1198
189,2024-06-23,1326
189,2024-06-24,1140
389,2024-06-28,1250
389,2024-06-29,1440
389,2024-06-30,1358
389,2024-07-01,1429
389,2024-07-02,1337
389,2024-07-03,1363
389,2024-07-04,1264
389,2024-07-05,1224
389,2024-07-06,1294
389,2024-07-07,1440
389,2024-07-08,1220
389,2024-07-11,387
389,2024-07-12,935
389,2024-07-13,1440
389,2024-07-14,1112
190,2024-06-08,582
190,2024-06-09,1241
190,2024-06-12,738
190,2024-06-13,1440
190,2024-06-14,438
190,2024-06-20,596
190,2024-06-21,642
190,2024-06-22,824
190,2024-06-23,738
190,2024-06-24,750
190,2024-06-25,646
390,2024-06-28,614
390,2024-06-29,1429
390,2024-06-30,851
390,2024-07-05,1418
390,2024-07-06,1083
390,2024-07-08,492
191,2024-06-13,900
191,2024-06-14,677
191,2024-06-15,606
191,2024-06-16,767
191,2024-06-18,418
191,2024-06-19,807
191,2024-06-21,831
191,2024-06-22,964
191,2024-06-24,537
191,2024-06-25,916
191,2024-06-26,545
391,2024-07-16,566
391,2024-07-18,825
391,2024-07-23,762
391,2024-07-27,669
391,2024-07-28,424
192,2024-06-07,1233
192,2024-06-08,1424
192,2024-06-09,1398
192,2024-06-10,1387
192,2024-06-11,1174
192,2024-06-12,740
192,2024-06-19,1440
192,2024-06-20,1164
192,2024-06-21,1064
192,2024-06-22,858
392,2024-06-25,447
392,2024-06-26,1401
392,2024-06-27,523
392,2024-06-28,1440
392,2024-06-29,695
392,2024-07-01,612
392,2024-07-02,1188
392,2024-07-08,1440
392,2024-07-09,587
193,2024-06-18,1305
193,2024-06-19,1150
193,2024-06-20,1411
193,2024-06-21,1261
193,2024-06-22,1285
193,2024-06-23,1380
193,2024-06-24,1224
193,2024-06-25,1369
193,2024-06-26,1218
193,2024-06-27,1387
193,2024-06-28,1280
193,2024-06-29,987
193,2024-06-30,1440
193,2024-07-01,1357
193,2024-07-02,1390
193,2024-07-03,500
393,2024-07-04,1201
393,2024-07-05,1373
393,2024-07-06,1330
393,2024-07-07,1440
393,2024-07-08,612
393,2024-07-10,1440
393,2024-07-11,942
393,2024-07-12,1440
393,2024-07-13,1185
393,2024-07-14,1207
393,2024-07-15,1300
393,2024-07-16,1440
393,2024-07-17,906
194,2024-06-11,496
194,2024-06-12,1062
194,2024-06-13,1070
194,2024-06-14,1118
194,2024-06-15,1041
194,2024-06-16,1042
194,2024-06-17,1030
194,2024-06-18,1079
194,2024-06-19,1090
194,2024-06-20,1144
194,2024-06-21,1091
194,2024-06-22,1004
194,2024-06-23,1380
194,2024-06-24,1104
194,2024-06-25,777
394,2024-06-27,1295
394,2024-06-29,1216
394,2024-06-30,1403
394,2024-07-01,1162
394,2024-07-02,1016
394,2024-07-03,932
394,2024-07-04,1256
394,2024-07-05,470
195,2024-06-09,630
195,2024-06-10,1268
195,2024-06-11,1393
195,2024-06-12,1356
195,2024-06-13,1288
195,2024-06-14,1306
195,2024-06-15,1257
195,2024-06-16,1432
195,2024-06-17,1281
195,2024-06-18,1409
195,2024-06-19,1342
195,2024-06-20,1230
195,2024-06-21,1391
195,2024-06-22,1187
195,2024-06-23,1440
195,2024-06-24,708
195,2024-06-25,765
395,2024-06-26,1220
395,2024-06-27,1095
196,2024-06-13,400
196,2024-06-14,1440
196,2024-06-15,1168
196,2024-06-16,859
196,2024-06-17,1439
196,2024-06-18,1330
196,2024-06-19,1440
196,2024-06-20,1268
196,2024-06-21,1440
196,2024-06-22,1157
196,2024-06-23,1285
196,2024-06-24,872
196,2024-06-25,1365
196,2024-06-26,767
196,2024-06-27,405
396,2024-07-04,649
396,2024-07-05,1152
396,2024-07-06,1194
396,2024-07-07,1145
396,2024-07-08,1185
396,2024-07-09,1433
396,2024-07-10,1255
396,2024-07-11,1382
396,2024-07-12,1166
396,2024-07-14,1340
396,2024-07-15,885
396,2024-07-16,1308
396,2024-07-17,1117
396,2024-07-18,1185
396,2024-07-19,1388
396,2024-07-20,1433
396,2024-07-21,548
197,2024-06-15,689
197,2024-06-16,915
197,2024-06-17,1279
197,2024-06-18,804
197,2024-06-19,1440
197,2024-06-20,1302
197,2024-06-21,879
197,2024-06-22,1172
197,2024-06-23,1426
197,2024-06-24,1343
197,2024-06-25,1440
197,2024-06-26,1203
197,2024-06-27,1135
197,2024-06-28,1373
197,2024-06-30,1317
397,2024-07-02,380
397,2024-07-03,759
397,2024-07-04,936
397,2024-07-05,1421
397,2024-07-06,424
397,2024-07-08,923
397,2024-07-09,376
397,2024-07-21,969
397,2024-07-22,865
397,2024-07-24,1157
198,2024-07-04,1302
198,2024-07-05,762
198,2024-07-06,1262
198,2024-07-07,632
198,2024-07-08,923
198,2024-07-09,548
198,2024-07-10,1167
198,2024-07-16,797
198,2024-07-17,1426
198,2024-07-18,759
198,2024-07-20,889
198,2024-07-21,490
198,2024-07-23,782
398,2024-07-23,420
398,2024-07-24,1440
398,2024-07-27,1371
398,2024-07-28,1069
398,2024-07-29,1296
398,2024-07-30,1423
398,2024-07-31,446
398,2024-08-02,1389
398,2024-08-03,1354
200,2024-07-01,1253
200,2024-07-02,1262
200,2024-07-03,1330
200,2024-07-04,1418
200,2024-07-05,1218
200,2024-07-06,1440
200,2024-07-07,1097
200,2024-07-08,903
200,2024-07-09,371
200,2024-07-10,1229
200,2024-07-11,1233
200,2024-07-12,1206
200,2024-07-13,1248
200,2024-07-14,1437
200,2024-07-15,1122
200,2024-07-16,506
400,2024-07-17,1243
400,2024-07-18,1406
400,2024-07-19,1396
400,2024-07-21,1411
400,2024-07-22,1344
400,2024-07-24,1399
400,2024-07-25,1029
400,2024-07-26,1363
400,2024-07-27,1163
201,2024-07-03,380
201,2024-07-04,1214
201,2024-07-05,496
201,2024-07-06,564
201,2024-07-08,681
201,2024-07-09,524
201,2024-07-10,474
201,2024-07-14,547
201,2024-07-15,563
201,2024-07-16,1057
201,2024-07-17,1340
201,2024-07-18,410
201,2024-07-19,1016
201,2024-07-20,765
401,2024-07-25,550
401,2024-08-02,555
202,2024-07-03,524
202,2024-07-04,894
202,2024-07-05,866
202,2024-07-06,1330
202,2024-07-07,1351
202,2024-07-08,1257
202,2024-07-09,1328
202,2024-07-10,842
202,2024-07-11,1409
202,2024-07-12,492
202,2024-07-13,1388
202,2024-07-14,1370
202,2024-07-15,1423
202,2024-07-16,1388
202,2024-07-17,1440
202,2024-07-18,678
402,2024-07-27,1249
402,2024-07-28,399
402,2024-08-09,905
402,2024-08-10,1150
402,2024-08-11,914
402,2024-08-12,1440
402,2024-08-13,628
203,2024-07-08,742
203,2024-07-09,1406
203,2024-07-10,1343
203,2024-07-11,1419
203,2024-07-12,596
203,2024-07-13,966
203,2024-07-14,1418
203,2024-07-15,555
203,2024-07-16,1270
203,2024-07-17,767
203,2024-07-20,1423
203,2024-07-21,933
203,2024-07-23,1122
403,2024-07-25,1366
403,2024-07-26,739
403,2024-07-27,1319
403,2024-07-28,1062
403,2024-07-29,1411
403,2024-07-30,607
403,2024-08-03,839
403,2024-08-04,1440
403,2024-08-05,566
403,2024-08-06,1406
403,2024-08-07,484
204,2024-07-23,1397
204,2024-07-24,1363
204,2024-07-25,1440
204,2024-07-26,1388
204,2024-07-27,1440
204,2024-07-28,1440
204,2024-07-30,692
404,2024-07-31,1223
404,2024-08-01,1440
404,2024-08-02,1357
404,2024-08-04,1365
404,2024-08-05,665
404,2024-08-06,1440
404,2024-08-07,1407
404,2024-08-08,828
404,2024-08-09,1430
404,2024-08-10,615
404,2024-08-11,1440
404,2024-08-12,986
205,2024-07-14,489
205,2024-07-15,1214
205,2024-07-16,1429
205,2024-07-17,991
205,2024-07-18,1411
205,2024-07-19,849
205,2024-07-20,1121
205,2024-07-21,1097
205,2024-07-22,1420
205,2024-07-23,1305
205,2024-07-24,941
205,2024-07-26,1082
205,2024-07-27,586
205,2024-07-30,1419
205,2024-07-31,754
405,2024-08-02,1159
405,2024-08-03,1264
405,2024-08-04,1075
405,2024-08-05,671
405,2024-08-07,444
405,2024-08-08,652
405,2024-08-09,1319
405,2024-08-10,1259
405,2024-08-11,818
405,2024-08-12,437
206,2024-07-12,369
206,2024-07-13,990
206,2024-07-16,1260
206,2024-07-19,915
206,2024-07-20,469
206,2024-07-23,648
206,2024-07-24,623
206,2024-07-26,559
406,2024-08-03,391
406,2024-08-04,785
406,2024-08-05,1184
406,2024-08-06,984
406,2024-08-07,942
406,2024-08-09,1397
406,2024-08-10,680
406,2024-08-11,844
406,2024-08-12,814
207,2024-07-13,1334
207,2024-07-14,1403
207,2024-07-15,1075
207,2024-07-16,1239
207,2024-07-17,1373
207,2024-07-18,1207
207,2024-07-19,1345
207,2024-07-20,1426
207,2024-07-21,642
207,2024-07-22,1426
207,2024-07-23,1188
207,2024-07-24,624
407,2024-07-25,452
407,2024-07-26,1281
407,2024-07-27,961
407,2024-07-28,1141
407,2024-07-29,988
407,2024-07-30,652
407,2024-07-31,1064
407,2024-08-01,618
407,2024-08-02,1212
407,2024-08-03,718
407,2024-08-05,1129
407,2024-08-06,921
407,2024-08-07,808
407,2024-08-08,910
407,2024-08-09,965
208,2024-07-17,1411
208,2024-07-18,964
208,2024-07-19,1410
208,2024-07-20,886
208,2024-07-21,1283
208,2024-07-22,1368
208,2024-07-23,722
208,2024-07-24,1380
208,2024-07-25,1371
208,2024-07-26,1268
208,2024-07-27,1362
208,2024-07-28,1410
208,2024-07-29,729
408,2024-07-29,661
408,2024-07-30,841
408,2024-07-31,1398
408,2024-08-01,1285
408,2024-08-02,1323
408,2024-08-03,1406
408,2024-08-04,1289
408,2024-08-05,1240
408,2024-08-06,1440
408,2024-08-07,1171
209,2024-07-17,1409
209,2024-07-18,1410
209,2024-07-19,1406
209,2024-07-20,1408
209,2024-07-21,1373
209,2024-07-22,1404
209,2024-07-23,1403
209,2024-07-24,1292
209,2024-07-25,1331
209,2024-07-26,1418
209,2024-07-27,1289
209,2024-07-28,1393
209,2024-07-29,1422
209,2024-07-30,941
409,2024-07-31,843
409,2024-08-01,1351
409,2024-08-02,1388
409,2024-08-03,1409
409,2024-08-04,1437
409,2024-08-05,1041
409,2024-08-06,1406
409,2024-08-07,1438
409,2024-08-08,1399
409,2024-08-09,1369
409,2024-08-10,1437
409,2024-08-11,1405
409,2024-08-12,670
210,2024-07-24,1045
210,2024-07-25,1396
210,2024-07-26,555
210,2024-07-27,830
210,2024-07-28,805
410,2024-08-01,952
410,2024-08-02,1403
410,2024-08-03,1050
410,2024-08-04,1128
410,2024-08-05,983
410,2024-08-06,1427
410,2024-08-07,873
410,2024-08-08,779
410,2024-08-09,1139
410,2024-08-10,865
410,2024-08-11,905
410,2024-08-12,1373
410,2024-08-13,457
211,2024-07-18,919
211,2024-07-19,881
211,2024-07-20,811
211,2024-07-21,592
211,2024-07-22,918
211,2024-07-23,1261
211,2024-07-24,1095
211,2024-07-25,1048
211,2024-07-26,742
211,2024-07-28,1135
211,2024-07-29,1301
411,2024-07-31,601
411,2024-08-01,524
411,2024-08-02,730
411,2024-08-03,1110
411,2024-08-04,1064
411,2024-08-05,912
411,2024-08-06,823
411,2024-08-07,1112
411,2024-08-08,1286
411,2024-08-10,1335
411,2024-08-11,461
411,2024-08-12,588
212,2024-07-27,1253
212,2024-07-28,1361
212,2024-07-29,1308
212,2024-07-30,1238
212,2024-07-31,1440
212,2024-08-01,1440
412,2024-08-04,1398
412,2024-08-05,848
412,2024-08-06,1224
412,2024-08-07,1068
412,2024-08-08,1260
412,2024-08-09,1376
412,2024-08-10,1091
213,2024-08-02,892
213,2024-08-03,1296
213,2024-08-04,1061
