date,subject,TRT
2023-11-08,101,413.0
2023-11-09,101,421.0
2023-11-10,101,427.0
2023-11-11,101,465.0
2023-11-13,101,516.0
2023-11-14,101,445.0
2023-11-15,101,467.0
2023-11-16,101,473.0
2023-11-17,101,440.0
2023-11-18,101,501.0
2023-11-19,101,508.0
2023-11-20,101,516.0
2023-11-21,101,447.0
2023-11-22,101,493.0
2023-11-23,101,450.0
2023-11-24,101,535.0
2023-11-26,101,505.0
2023-11-27,101,475.0
2023-11-28,101,506.0
2023-11-29,101,484.0
2023-11-30,101,386.0
2023-12-01,101,472.0
2023-12-04,101,464.0
2023-12-05,101,397.0
2023-12-06,101,494.0
2023-11-20,105,395.0
2023-11-21,105,278.0
2023-11-22,105,380.0
2023-11-23,105,232.0
2023-11-24,105,370.0
2023-11-25,105,408.0
2023-11-26,105,461.0
2023-11-27,105,341.0
2023-11-28,105,684.0
2023-11-29,105,290.0
2023-11-30,105,255.0
2023-12-02,105,403.0
2023-12-03,105,617.0
2023-12-04,105,304.0
2023-12-05,105,264.0
2023-12-06,105,267.0
2023-11-21,106,272.0
2023-11-22,106,348.0
2023-11-23,106,338.0
2023-11-24,106,426.0
2023-11-25,106,593.0
2023-11-26,106,411.0
2023-11-27,106,185.0
2023-11-28,106,424.0
2023-11-29,106,472.0
2023-11-30,106,309.0
2023-12-01,106,309.0
2023-12-02,106,372.0
2023-12-03,106,395.0
2023-12-04,106,323.0
2023-12-05,106,397.0
2023-12-06,106,472.0
2023-12-07,106,339.0
2023-12-08,106,318.0
2023-12-09,106,302.0
2023-12-10,106,342.0
2023-12-11,106,343.0
2023-12-12,106,437.0
2023-11-27,107,354.0
2023-11-28,107,366.0
2023-11-29,107,336.0
2023-11-30,107,371.0
2023-12-01,107,412.0
2023-12-02,107,390.0
2023-12-03,107,419.0
2023-12-04,107,351.0
2023-12-05,107,404.0
2023-12-06,107,341.0
2023-12-07,107,333.0
2023-12-08,107,373.0
2023-12-09,107,391.0
2023-12-10,107,410.0
2023-12-11,107,399.0
2023-12-12,107,407.0
2023-12-13,107,366.0
2023-12-14,107,354.0
2023-12-15,107,331.0
2023-12-16,107,461.0
2023-12-17,107,418.0
2023-12-18,107,405.0
2023-12-19,107,364.0
2023-12-20,107,318.0
2023-12-21,107,478.0
2023-12-22,107,446.0
2023-12-23,107,402.0
2023-12-24,107,549.0
2023-12-25,107,368.0
2023-12-26,107,419.0
2023-12-27,107,401.0
2023-12-03,108,355.0
2023-12-04,108,435.0
2023-12-05,108,425.0
2023-12-06,108,410.0
2023-12-07,108,352.0
2023-12-08,108,421.0
2023-12-09,108,277.0
2023-12-10,108,324.0
2023-12-11,108,449.0
2023-12-12,108,483.0
2023-12-13,108,434.0
2023-12-14,108,368.0
2023-12-15,108,427.0
2023-12-16,108,397.0
2023-12-17,108,383.0
2023-12-18,108,417.0
2023-12-19,108,444.0
2023-12-20,108,416.0
2023-12-21,108,383.0
2023-12-22,108,372.0
2023-12-23,108,419.0
2023-12-24,108,406.0
2023-12-25,108,445.0
2024-01-01,108,417.0
2024-01-02,108,472.0
2023-11-30,109,484.0
2023-12-01,109,488.0
2023-12-02,109,769.0
2023-12-03,109,378.0
2023-12-04,109,565.0
2023-12-05,109,424.0
2023-12-06,109,507.0
2023-12-07,109,426.0
2023-12-08,109,590.0
2023-12-09,109,502.0
2023-12-10,109,434.0
2023-12-11,109,476.0
2023-12-12,109,464.0
2023-12-14,109,496.0
2023-12-15,109,736.0
2023-12-16,109,600.0
2023-12-20,109,625.0
2023-12-21,109,606.0
2023-12-22,109,541.0
2023-12-24,109,443.0
2023-12-25,109,583.0
2023-12-26,109,564.0
2023-12-27,109,657.0
2023-12-28,109,880.0
2023-12-29,109,627.0
2023-12-30,109,550.0
2023-12-31,109,539.0
2024-01-01,109,511.0
2024-01-02,109,590.0
2023-12-03,110,187.0
2023-12-04,110,473.0
2023-12-05,110,532.0
2023-12-06,110,384.0
2023-12-08,110,440.0
2023-12-12,110,455.0
2023-12-13,110,599.0
2023-12-14,110,329.0
2023-12-15,110,529.0
2023-12-16,110,625.0
2023-12-17,110,558.0
2023-12-18,110,566.0
2023-12-19,110,616.0
2023-12-20,110,568.0
2023-12-21,110,484.0
2023-12-22,110,461.0
2023-12-23,110,667.0
2023-12-24,110,521.0
2023-12-25,110,607.0
2023-12-26,110,464.0
2023-12-27,110,757.0
2023-12-28,110,542.0
2023-12-29,110,656.0
2023-12-30,110,588.0
2023-12-31,110,559.0
2024-01-01,110,208.0
2024-01-02,110,434.0
2024-01-03,110,426.0
2023-12-01,111,547.0
2023-12-02,111,433.0
2023-12-03,111,453.0
2023-12-04,111,374.0
2023-12-05,111,461.0
2023-12-06,111,466.0
2023-12-07,111,485.0
2023-12-08,111,410.0
2023-12-09,111,413.0
2023-12-10,111,418.0
2023-12-11,111,294.0
2023-12-12,111,374.0
2023-12-13,111,421.0
2023-12-14,111,430.0
2023-12-15,111,500.0
2023-12-18,111,458.0
2023-12-19,111,411.0
2023-12-20,111,363.0
2023-12-21,111,406.0
2023-12-22,111,464.0
2023-12-02,112,556.0
2023-12-03,112,282.0
2023-12-04,112,473.0
2023-12-05,112,229.0
2023-12-06,112,254.0
2023-12-06,112,216.0
2023-12-07,112,284.0
2023-12-08,112,210.0
2023-12-09,112,418.0
2023-12-10,112,419.0
2023-12-11,112,256.0
2023-12-12,112,201.0
2023-12-13,112,191.0
2023-12-14,112,392.0
2023-12-15,112,210.0
2023-12-16,112,206.0
2023-12-17,112,243.0
2023-12-18,112,304.0
2023-12-19,112,495.0
2023-12-20,112,249.0
2023-12-21,112,271.0
2023-12-22,112,372.0
2023-12-23,112,297.0
2023-12-24,112,425.0
2023-12-25,112,254.0
2023-12-27,112,345.0
2023-12-28,112,201.0
2023-12-29,112,292.0
2023-12-30,112,413.0
2024-01-01,112,201.0
2024-01-02,112,274.0
2024-01-03,112,315.0
2024-01-03,112,189.0
2024-01-05,112,225.0
2024-01-06,112,249.0
2024-01-06,112,181.0
2024-01-07,112,366.0
2024-01-08,112,208.0
2024-01-09,112,308.0
2024-01-10,112,592.0
2024-01-11,112,190.0
2024-01-12,112,442.0
2024-01-13,112,375.0
2024-01-14,112,251.0
2024-01-15,112,315.0
2024-01-16,112,201.0
2024-01-06,115,608.0
2024-01-07,115,576.0
2024-01-08,115,413.0
2024-01-09,115,504.0
2024-01-10,115,435.0
2024-01-11,115,510.0
2024-01-12,115,292.0
2024-01-13,115,446.0
2024-01-14,115,523.0
2024-01-15,115,586.0
2024-01-16,115,552.0
2024-01-17,115,410.0
2024-01-18,115,480.0
2024-01-19,115,290.0
2024-01-19,115,430.0
2024-01-21,115,563.0
2024-01-22,115,584.0
2023-12-09,116,355.0
2023-12-10,116,435.0
2023-12-11,116,469.0
2023-12-12,116,458.0
2023-12-13,116,506.0
2023-12-14,116,497.0
2023-12-15,116,401.0
2023-12-16,116,650.0
2023-12-17,116,455.0
2023-12-18,116,486.0
2023-12-19,116,361.0
2023-12-20,116,494.0
2023-12-22,116,204.0
2023-12-10,117,453.0
2023-12-13,117,491.0
2023-12-14,117,348.0
2023-12-15,117,392.0
2023-12-16,117,439.0
2023-12-18,117,479.0
2023-12-19,117,481.0
2023-12-20,117,474.0
2023-12-21,117,484.0
2023-12-22,117,474.0
2023-12-23,117,526.0
2023-12-24,117,402.0
2023-12-26,117,476.0
2023-12-27,117,460.0
2023-12-28,117,476.0
2023-12-29,117,517.0
2023-12-30,117,504.0
2023-12-31,117,468.0
2024-01-01,117,534.0
2024-01-02,117,556.0
2024-01-03,117,458.0
2024-01-04,117,457.0
2024-01-05,117,560.0
2024-01-06,117,432.0
2024-01-07,117,479.0
2024-01-08,117,458.0
2023-12-14,118,420.0
2023-12-15,118,475.0
2023-12-16,118,447.0
2023-12-17,118,467.0
2023-12-18,118,460.0
2023-12-19,118,444.0
2023-12-20,118,376.0
2023-12-21,118,412.0
2023-12-22,118,412.0
2023-12-23,118,560.0
2023-12-24,118,310.0
2023-12-25,118,269.0
2023-12-26,118,457.0
2023-12-27,118,424.0
2023-12-28,118,495.0
2023-12-29,118,466.0
2023-12-30,118,475.0
2023-12-31,118,372.0
2024-01-01,118,437.0
2024-01-02,118,384.0
2024-01-03,118,447.0
2024-01-04,118,457.0
2023-12-21,119,610.0
2023-12-22,119,499.0
2023-12-23,119,437.0
2023-12-24,119,567.0
2023-12-25,119,460.0
2023-12-25,119,202.0
2023-12-26,119,455.0
2023-12-27,119,515.0
2023-12-28,119,563.0
2023-12-29,119,494.0
2023-12-30,119,320.0
2023-12-31,119,391.0
2024-01-01,119,481.0
2024-01-02,119,462.0
2024-01-03,119,324.0
2024-01-04,119,310.0
2024-01-05,119,286.0
2024-01-06,119,460.0
2024-01-07,119,453.0
2024-01-08,119,472.0
2024-01-05,120,223.0
2024-01-06,120,511.0
2024-01-07,120,352.0
2024-01-11,120,372.0
2024-01-16,120,283.0
2024-01-17,120,510.0
2024-01-18,120,294.0
2024-01-19,120,356.0
2024-01-20,120,426.0
2024-01-21,120,410.0
2024-01-22,120,368.0
2024-01-23,120,400.0
2024-01-09,121,398.0
2024-01-10,121,445.0
2024-01-11,121,523.0
2024-01-12,121,533.0
2024-01-13,121,384.0
2024-01-14,121,421.0
2024-01-15,121,430.0
2024-01-16,121,389.0
2024-01-17,121,448.0
2024-01-18,121,437.0
2024-01-19,121,492.0
2024-01-20,121,578.0
2024-01-21,121,624.0
2024-01-22,121,481.0
2024-01-23,121,587.0
2024-01-24,121,530.0
2024-01-25,121,450.0
2024-01-26,121,495.0
2024-01-27,121,358.0
2024-01-28,121,468.0
2024-01-29,121,549.0
2024-01-30,121,501.0
2024-01-31,121,528.0
2024-01-04,122,403.0
2024-01-05,122,499.0
2024-01-06,122,687.0
2024-01-07,122,435.0
2024-01-08,122,426.0
2024-01-09,122,554.0
2024-01-10,122,390.0
2024-01-11,122,394.0
2024-01-12,122,477.0
2024-01-13,122,551.0
2024-01-14,122,489.0
2024-01-16,122,419.0
2024-01-17,122,390.0
2024-01-18,122,489.0
2024-01-19,122,411.0
2024-01-20,122,431.0
2024-01-21,122,302.0
2024-01-22,122,233.0
2024-01-23,122,322.0
2024-01-24,122,447.0
2024-01-25,122,301.0
2024-01-26,122,421.0
2024-01-27,122,203.0
2024-01-28,122,411.0
2024-01-30,122,436.0
2024-01-31,122,341.0
2024-02-01,122,402.0
2024-02-02,122,305.0
2024-02-03,122,274.0
2024-02-05,122,272.0
2024-01-03,123,578.0
2024-01-04,123,535.0
2024-01-05,123,523.0
2024-01-06,123,509.0
2024-01-07,123,531.0
2024-01-08,123,473.0
2024-01-09,123,547.0
2024-01-10,123,455.0
2024-01-11,123,565.0
2024-01-12,123,632.0
2024-01-13,123,502.0
2024-01-15,123,694.0
2024-01-16,123,573.0
2024-01-17,123,504.0
2024-01-18,123,409.0
2024-01-22,123,454.0
2024-01-23,123,509.0
2024-01-24,123,496.0
2024-01-25,123,485.0
2024-01-26,123,485.0
2024-01-11,124,418.0
2024-01-16,124,358.0
2024-01-17,124,376.0
2024-01-18,124,389.0
2024-01-19,124,322.0
2024-01-20,124,399.0
2024-01-21,124,320.0
2024-01-22,124,336.0
2024-01-23,124,348.0
2024-01-24,124,266.0
2024-01-25,124,294.0
2024-01-26,124,409.0
2024-01-27,124,419.0
2024-01-28,124,326.0
2024-01-29,124,379.0
2024-01-30,124,396.0
2024-01-31,124,442.0
2024-02-01,124,346.0
2024-02-02,124,377.0
2024-02-03,124,353.0
2024-02-04,124,316.0
2024-02-05,124,384.0
2024-02-06,124,294.0
2024-02-07,124,249.0
2024-02-08,124,260.0
2024-01-05,125,373.0
2024-01-06,125,364.0
2024-01-07,125,415.0
2024-01-08,125,481.0
2024-01-09,125,440.0
2024-01-10,125,417.0
2024-01-11,125,468.0
2024-01-12,125,403.0
2024-01-13,125,427.0
2024-01-14,125,415.0
2024-01-15,125,421.0
2024-01-16,125,455.0
2024-01-17,125,480.0
2024-01-18,125,423.0
2024-01-19,125,419.0
2024-01-20,125,229.0
2024-01-25,125,314.0
2024-01-26,125,395.0
2024-01-20,126,214.0
2024-01-21,126,408.0
2024-01-22,126,388.0
2024-01-23,126,367.0
2024-01-24,126,317.0
2024-01-26,126,299.0
2024-01-27,126,333.0
2024-01-28,126,340.0
2024-01-29,126,301.0
2024-01-30,126,324.0
2024-01-27,127,441.0
2024-01-28,127,344.0
2024-01-29,127,367.0
2024-01-30,127,390.0
2024-01-31,127,393.0
2024-02-01,127,391.0
2024-02-02,127,322.0
2024-02-03,127,454.0
2024-02-09,127,326.0
2024-02-10,127,367.0
2024-02-11,127,239.0
2024-02-12,127,394.0
2024-02-13,127,345.0
2024-02-14,127,376.0
2024-02-15,127,367.0
2024-02-16,127,320.0
2024-02-17,127,332.0
2024-02-18,127,369.0
2024-01-16,128,392.0
2024-01-17,128,439.0
2024-01-18,128,463.0
2024-01-19,128,419.0
2024-01-20,128,627.0
2024-01-21,128,629.0
2024-01-22,128,677.0
2024-01-23,128,727.0
2024-01-24,128,587.0
2024-01-25,128,406.0
2024-01-26,128,726.0
2024-01-27,128,530.0
2024-01-28,128,622.0
2024-01-29,128,297.0
2024-01-29,128,218.0
2024-01-30,128,464.0
2024-02-13,128,358.0
2024-01-19,129,628.0
2024-01-20,129,543.0
2024-01-21,129,684.0
2024-01-22,129,573.0
2024-01-23,129,591.0
2024-01-24,129,386.0
2024-01-25,129,502.0
2024-01-26,129,554.0
2024-01-27,129,545.0
2024-01-29,129,552.0
2024-02-01,129,503.0
2024-02-03,129,498.0
2024-02-04,129,585.0
2024-02-05,129,552.0
2024-02-06,129,332.0
2024-02-07,129,486.0
2024-02-08,129,425.0
2024-01-13,130,497.0
2024-01-14,130,421.0
2024-01-15,130,451.0
2024-01-16,130,430.0
2024-01-17,130,408.0
2024-01-18,130,449.0
2024-01-19,130,476.0
2024-01-20,130,477.0
2024-01-21,130,417.0
2024-01-22,130,475.0
2024-01-23,130,436.0
2024-01-24,130,485.0
2024-01-25,130,441.0
2024-01-26,130,481.0
2024-01-27,130,407.0
2024-01-28,130,373.0
2024-01-29,130,433.0
2024-01-22,131,227.0
2024-01-23,131,440.0
2024-01-24,131,385.0
2024-01-25,131,477.0
2024-01-26,131,458.0
2024-01-27,131,397.0
2024-01-28,131,523.0
2024-01-29,131,451.0
2024-01-30,131,469.0
2024-01-31,131,459.0
2024-02-01,131,447.0
2024-01-17,132,441.0
2024-01-18,132,377.0
2024-01-19,132,476.0
2024-01-20,132,454.0
2024-01-21,132,469.0
2024-01-26,132,392.0
2024-01-27,132,398.0
2024-01-28,132,429.0
2024-01-29,132,347.0
2024-01-30,132,431.0
2024-01-31,132,372.0
2024-02-01,132,541.0
2024-02-02,132,411.0
2024-02-03,132,432.0
2024-02-04,132,424.0
2024-02-05,132,364.0
2024-02-06,132,444.0
2024-02-07,132,457.0
2024-01-19,133,520.0
2024-02-08,133,525.0
2024-02-09,133,444.0
2024-02-10,133,364.0
2024-02-11,133,469.0
2024-02-12,133,432.0
2024-02-13,133,431.0
2024-02-14,133,392.0
2024-01-31,134,668.0
2024-02-01,134,391.0
2024-02-02,134,600.0
2024-02-03,134,630.0
2024-02-04,134,555.0
2024-02-05,134,537.0
2024-02-06,134,585.0
2024-02-07,134,611.0
2024-02-08,134,501.0
2024-02-09,134,596.0
2024-02-10,134,619.0
2024-02-11,134,415.0
2024-02-16,134,598.0
2024-02-17,134,586.0
2024-02-18,134,619.0
2024-02-19,134,596.0
2024-02-20,134,594.0
2024-02-01,135,391.0
2024-02-02,135,376.0
2024-02-03,135,354.0
2024-02-04,135,401.0
2024-02-05,135,333.0
2024-02-06,135,557.0
2024-02-07,135,300.0
2024-02-08,135,345.0
2024-02-09,135,381.0
2024-02-10,135,254.0
2024-02-11,135,618.0
2024-02-13,135,381.0
2024-02-14,135,232.0
2024-02-15,135,250.0
2024-02-16,135,376.0
2024-02-17,135,421.0
2024-02-18,135,487.0
2024-02-19,135,473.0
2024-02-20,135,512.0
2024-02-21,135,442.0
2024-02-22,135,406.0
2024-02-02,136,253.0
2024-02-03,136,362.0
2024-02-03,136,234.0
2024-02-04,136,414.0
2024-02-04,136,201.0
2024-02-05,136,286.0
2024-02-06,136,267.0
2024-02-06,136,208.0
2024-02-07,136,291.0
2024-02-08,136,289.0
2024-02-09,136,299.0
2024-02-10,136,500.0
2024-02-11,136,339.0
2024-02-12,136,320.0
2024-02-12,136,242.0
2024-02-13,136,391.0
2024-02-14,136,296.0
2024-02-15,136,305.0
2024-02-16,136,315.0
2024-02-19,136,303.0
2024-02-20,136,297.0
2024-02-21,136,309.0
2024-02-22,136,384.0
2024-02-22,136,248.0
2024-02-23,136,377.0
2024-02-10,137,522.0
2024-02-11,137,362.0
2024-02-12,137,324.0
2024-02-13,137,451.0
2024-02-14,137,429.0
2024-02-15,137,415.0
2024-02-16,137,415.0
2024-02-17,137,429.0
2024-02-18,137,419.0
2024-02-19,137,500.0
2024-02-20,137,392.0
2024-02-21,137,373.0
2024-02-22,137,336.0
2024-02-23,137,359.0
2024-02-29,138,348.0
2024-03-01,138,389.0
2024-03-02,138,293.0
2024-03-03,138,344.0
2024-03-04,138,368.0
2024-03-05,138,372.0
2024-03-06,138,422.0
2024-03-07,138,396.0
2024-03-08,138,355.0
2024-03-09,138,416.0
2024-03-10,138,385.0
2024-03-10,138,368.0
2024-03-11,138,366.0
2024-03-12,138,462.0
2024-03-13,138,378.0
2024-03-14,138,378.0
2024-03-15,138,388.0
2024-03-16,138,466.0
2024-03-17,138,370.0
2024-03-18,138,455.0
2024-03-19,138,424.0
2024-03-20,138,395.0
2024-03-21,138,415.0
2024-03-22,138,462.0
2024-03-23,138,416.0
2024-02-17,139,398.0
2024-02-18,139,463.0
2024-02-19,139,405.0
2024-02-20,139,434.0
2024-02-21,139,302.0
2024-02-22,139,319.0
2024-02-23,139,320.0
2024-02-24,139,444.0
2024-02-25,139,442.0
2024-02-26,139,317.0
2024-02-27,139,295.0
2024-02-28,139,301.0
2024-02-29,139,229.0
2024-03-01,139,333.0
2024-03-02,139,325.0
2024-03-03,139,359.0
2024-03-04,139,298.0
2024-03-05,139,300.0
2024-03-06,139,270.0
2024-03-07,139,335.0
2024-03-08,139,343.0
2024-03-09,139,351.0
2024-03-10,139,357.0
2024-03-11,139,291.0
2024-03-12,139,323.0
2024-03-13,139,321.0
2024-03-14,139,287.0
2024-02-25,140,625.0
2024-02-26,140,450.0
2024-02-27,140,374.0
2024-02-28,140,356.0
2024-02-29,140,452.0
2024-03-01,140,540.0
2024-03-02,140,586.0
2024-03-03,140,618.0
2024-03-04,140,436.0
2024-03-05,140,455.0
2024-03-06,140,500.0
2024-03-07,140,561.0
2024-03-08,140,362.0
2024-03-09,140,561.0
2024-03-10,140,533.0
2024-03-11,140,666.0
2024-03-12,140,469.0
2024-03-13,140,471.0
2024-03-14,140,409.0
2024-03-15,140,476.0
2024-03-16,140,632.0
2024-03-17,140,544.0
2024-03-18,140,534.0
2024-03-19,140,488.0
2024-03-20,140,410.0
2024-03-21,140,425.0
2024-03-22,140,277.0
2024-03-23,140,516.0
2024-02-26,141,562.0
2024-02-27,141,501.0
2024-02-28,141,521.0
2024-02-29,141,497.0
2024-03-01,141,455.0
2024-03-02,141,228.0
2024-03-03,141,425.0
2024-03-04,141,480.0
2024-03-05,141,542.0
2024-03-06,141,467.0
2024-03-07,141,493.0
2024-03-08,141,504.0
2024-03-09,141,318.0
2024-03-10,141,596.0
2024-03-11,141,427.0
2024-03-12,141,579.0
2024-03-13,141,432.0
2024-03-14,141,573.0
2024-03-15,141,527.0
2024-03-16,141,511.0
2024-03-17,141,588.0
2024-03-18,141,403.0
2024-03-19,141,562.0
2024-03-20,141,598.0
2024-03-12,142,447.0
2024-03-13,142,433.0
2024-03-14,142,266.0
2024-03-15,142,490.0
2024-03-17,142,437.0
2024-03-18,142,224.0
2024-03-19,142,431.0
2024-03-20,142,423.0
2024-03-21,142,506.0
2024-03-22,142,563.0
2024-03-23,142,622.0
2024-03-24,142,414.0
2024-03-25,142,419.0
2024-03-27,142,561.0
2024-03-28,142,514.0
2024-03-31,142,476.0
2024-04-01,142,448.0
2024-04-02,142,595.0
2024-04-03,142,413.0
2024-02-28,143,504.0
2024-02-29,143,445.0
2024-03-01,143,381.0
2024-03-03,143,304.0
2024-03-04,143,478.0
2024-03-05,143,491.0
2024-03-06,143,537.0
2024-03-07,143,421.0
2024-03-08,143,482.0
2024-03-09,143,505.0
2024-03-10,143,525.0
2024-03-11,143,520.0
2024-03-12,143,447.0
2024-03-13,143,470.0
2024-03-14,143,476.0
2024-03-15,143,439.0
2024-03-16,143,531.0
2024-03-17,143,419.0
2024-03-18,143,521.0
2024-03-19,143,460.0
2024-03-14,146,345.0
2024-03-15,146,439.0
2024-03-16,146,449.0
2024-03-17,146,339.0
2024-03-18,146,427.0
2024-03-19,146,353.0
2024-03-20,146,414.0
2024-03-21,146,388.0
2024-03-22,146,346.0
2024-03-23,146,448.0
2024-03-24,146,513.0
2024-03-25,146,498.0
2024-03-26,146,510.0
2024-03-27,146,338.0
2024-03-28,146,398.0
2024-03-29,146,345.0
2024-03-30,146,472.0
2024-03-31,146,419.0
2024-04-01,146,410.0
2024-03-07,147,295.0
2024-03-08,147,296.0
2024-03-09,147,321.0
2024-03-10,147,360.0
2024-03-11,147,392.0
2024-03-12,147,373.0
2024-03-13,147,337.0
2024-03-14,147,330.0
2024-03-15,147,325.0
2024-03-16,147,432.0
2024-03-17,147,353.0
2024-03-18,147,318.0
2024-03-19,147,301.0
2024-03-20,147,343.0
2024-03-21,147,312.0
2024-03-23,147,344.0
2024-03-24,147,358.0
2024-03-25,147,341.0
2024-03-26,147,390.0
2024-03-27,147,357.0
2024-03-28,147,383.0
2024-03-09,148,446.0
2024-03-10,148,399.0
2024-03-11,148,382.0
2024-03-12,148,454.0
2024-03-13,148,497.0
2024-03-14,148,424.0
2024-03-15,148,486.0
2024-03-16,148,452.0
2024-03-17,148,208.0
2024-03-18,148,363.0
2024-03-19,148,339.0
2024-03-20,148,513.0
2024-03-21,148,461.0
2024-03-22,148,469.0
2024-03-23,148,441.0
2024-03-24,148,350.0
2024-03-25,148,474.0
2024-03-26,148,458.0
2024-03-27,148,502.0
2024-03-28,148,316.0
2024-04-01,148,361.0
2024-04-02,148,284.0
2024-03-07,149,348.0
2024-03-08,149,268.0
2024-03-09,149,329.0
2024-03-10,149,262.0
2024-03-11,149,266.0
2024-03-12,149,570.0
2024-03-13,149,188.0
2024-03-14,149,456.0
2024-03-15,149,456.0
2024-03-17,149,418.0
2024-03-18,149,359.0
2024-03-19,149,434.0
2024-03-20,149,494.0
2024-03-21,149,347.0
2024-03-22,149,425.0
2024-03-23,149,319.0
2024-03-24,149,402.0
2024-03-26,149,450.0
2024-03-27,149,526.0
2024-03-28,149,455.0
2024-03-29,149,357.0
2024-03-30,149,346.0
2024-03-31,149,263.0
2024-04-01,149,496.0
2024-04-02,149,439.0
2024-03-09,150,597.0
2024-03-10,150,452.0
2024-03-11,150,460.0
2024-03-12,150,347.0
2024-03-13,150,374.0
2024-03-14,150,522.0
2024-03-15,150,437.0
2024-03-16,150,616.0
2024-03-17,150,524.0
2024-03-18,150,537.0
2024-03-19,150,372.0
2024-03-20,150,469.0
2024-03-21,150,300.0
2024-03-23,150,498.0
2024-03-24,150,613.0
2024-03-25,150,582.0
2024-03-26,150,511.0
2024-03-27,150,612.0
2024-03-28,150,569.0
2024-03-29,150,566.0
2024-03-30,150,608.0
2024-03-31,150,524.0
2024-04-01,150,608.0
2024-03-12,151,504.0
2024-03-13,151,559.0
2024-03-14,151,525.0
2024-03-15,151,520.0
2024-03-16,151,460.0
2024-03-17,151,577.0
2024-03-18,151,522.0
2024-03-19,151,546.0
2024-03-20,151,521.0
2024-03-21,151,506.0
2024-03-22,151,527.0
2024-03-23,151,496.0
2024-03-24,151,530.0
2024-03-25,151,464.0
2024-03-26,151,496.0
2024-03-27,151,398.0
2024-03-28,151,440.0
2024-03-29,151,527.0
2024-03-30,151,456.0
2024-03-31,151,509.0
2024-04-01,151,486.0
2024-04-02,151,532.0
2024-04-03,151,523.0
2024-04-04,151,575.0
2024-04-05,151,473.0
2024-04-06,151,427.0
2024-04-07,151,458.0
2024-04-08,151,435.0
2024-04-09,151,425.0
2024-04-10,151,469.0
2024-03-30,152,341.0
2024-03-31,152,449.0
2024-04-01,152,234.0
2024-04-02,152,311.0
2024-04-04,152,315.0
2024-04-05,152,205.0
2024-04-06,152,194.0
2024-04-07,152,436.0
2024-04-09,152,316.0
2024-04-16,152,214.0
2024-04-17,152,302.0
2024-03-15,153,472.0
2024-03-16,153,498.0
2024-03-17,153,625.0
2024-03-18,153,547.0
2024-03-19,153,506.0
2024-03-20,153,528.0
2024-03-21,153,553.0
2024-03-22,153,482.0
2024-03-23,153,563.0
2024-03-24,153,560.0
2024-03-25,153,585.0
2024-03-26,153,582.0
2024-03-27,153,696.0
2024-03-28,153,664.0
2024-03-29,153,298.0
2024-03-30,153,570.0
2024-03-31,153,578.0
2024-04-01,153,534.0
2024-04-02,153,572.0
2024-03-20,155,520.0
2024-03-21,155,476.0
2024-03-22,155,411.0
2024-03-23,155,509.0
2024-03-24,155,418.0
2024-03-25,155,505.0
2024-03-26,155,251.0
2024-03-27,155,503.0
2024-03-28,155,453.0
2024-03-29,155,517.0
2024-03-30,155,551.0
2024-03-31,155,409.0
2024-04-01,155,583.0
2024-04-02,155,452.0
2024-04-03,155,513.0
2024-04-04,155,427.0
2024-04-05,155,441.0
2024-04-06,155,520.0
2024-04-07,155,510.0
2024-04-08,155,494.0
2024-04-09,155,449.0
2024-03-29,156,231.0
2024-03-30,156,331.0
2024-04-01,156,268.0
2024-04-02,156,408.0
2024-04-03,156,442.0
2024-04-04,156,399.0
2024-04-05,156,391.0
2024-04-06,156,411.0
2024-04-07,156,413.0
2024-04-08,156,428.0
2024-04-09,156,433.0
2024-04-10,156,509.0
2024-04-11,156,438.0
2024-04-12,156,463.0
2024-04-13,156,387.0
2024-03-28,157,400.0
2024-03-29,157,448.0
2024-03-30,157,498.0
2024-03-31,157,485.0
2024-04-01,157,513.0
2024-04-02,157,498.0
2024-04-03,157,393.0
2024-04-04,157,502.0
2024-04-05,157,456.0
2024-04-06,157,338.0
2024-04-07,157,468.0
2024-04-08,157,535.0
2024-04-09,157,537.0
2024-04-10,157,463.0
2024-04-11,157,583.0
2024-04-03,159,488.0
2024-04-04,159,470.0
2024-04-05,159,516.0
2024-04-06,159,612.0
2024-04-07,159,486.0
2024-04-08,159,448.0
2024-04-09,159,428.0
2024-04-10,159,423.0
2024-04-11,159,456.0
2024-04-12,159,445.0
2024-04-13,159,448.0
2024-04-14,159,377.0
2024-04-15,159,447.0
2024-04-16,159,428.0
2024-04-10,160,550.0
2024-04-11,160,547.0
2024-04-12,160,573.0
2024-04-13,160,510.0
2024-04-14,160,463.0
2024-04-15,160,415.0
2024-04-16,160,736.0
2024-04-17,160,435.0
2024-04-18,160,530.0
2024-04-19,160,609.0
2024-04-20,160,333.0
2024-04-21,160,636.0
2024-04-22,160,473.0
2024-04-23,160,592.0
2024-04-24,160,339.0
2024-04-10,161,190.0
2024-04-10,161,278.0
2024-04-11,161,322.0
2024-04-20,161,443.0
2024-04-21,161,214.0
2024-04-22,161,239.0
2024-04-23,161,471.0
2024-04-25,161,469.0
2024-04-16,162,561.0
2024-04-17,162,431.0
2024-04-18,162,543.0
2024-04-19,162,456.0
2024-04-20,162,363.0
2024-04-21,162,397.0
2024-04-22,162,461.0
2024-04-23,162,349.0
2024-04-24,162,548.0
2024-04-25,162,516.0
2024-04-26,162,588.0
2024-04-27,162,433.0
2024-04-28,162,421.0
2024-04-29,162,528.0
2024-04-30,162,505.0
2024-05-01,162,468.0
2024-05-02,162,534.0
2024-05-03,162,485.0
2024-04-18,163,448.0
2024-04-20,163,479.0
2024-04-21,163,415.0
2024-04-22,163,492.0
2024-04-23,163,357.0
2024-04-24,163,248.0
2024-04-25,163,253.0
2024-04-26,163,583.0
2024-04-27,163,400.0
2024-04-28,163,443.0
2024-04-30,163,477.0
2024-05-01,163,369.0
2024-05-02,163,208.0
2024-04-23,164,544.0
2024-04-24,164,238.0
2024-04-25,164,343.0
2024-04-26,164,476.0
2024-04-27,164,440.0
2024-05-01,164,554.0
2024-05-02,164,468.0
2024-05-03,164,559.0
2024-05-04,164,500.0
2024-05-05,164,470.0
2024-05-06,164,483.0
2024-05-07,164,404.0
2024-05-08,164,440.0
2024-04-22,166,412.0
2024-04-23,166,488.0
2024-04-24,166,482.0
2024-04-25,166,398.0
2024-04-26,166,425.0
2024-04-27,166,324.0
2024-04-28,166,363.0
2024-04-29,166,328.0
2024-04-30,166,399.0
2024-05-01,166,352.0
2024-05-02,166,317.0
2024-05-03,166,329.0
2024-05-04,166,315.0
2024-05-05,166,383.0
2024-05-06,166,396.0
2024-05-07,166,322.0
2024-05-08,166,438.0
2024-05-09,166,398.0
2024-04-24,167,531.0
2024-04-25,167,323.0
2024-04-26,167,219.0
2024-04-28,167,336.0
2024-04-29,167,396.0
2024-04-30,167,514.0
2024-05-01,167,466.0
2024-05-02,167,453.0
2024-05-03,167,379.0
2024-05-06,167,287.0
2024-05-07,167,524.0
2024-04-24,168,424.0
2024-04-25,168,442.0
2024-04-26,168,514.0
2024-06-01,368,365.0
2024-06-02,368,331.0
2024-06-07,368,402.0
2024-06-08,368,287.0
2024-06-09,368,224.0
2024-06-10,368,427.0
2024-06-11,368,270.0
2024-06-12,368,496.0
2024-06-13,368,360.0
2024-06-14,368,253.0
2024-06-15,368,336.0
2024-06-18,368,369.0
2024-06-19,368,292.0
2024-06-20,368,478.0
2024-06-21,368,290.0
2024-06-23,368,310.0
2024-04-24,169,321.0
2024-04-25,169,496.0
2024-04-26,169,398.0
2024-04-27,169,464.0
2024-04-30,169,188.0
2024-05-01,169,445.0
2024-05-02,169,509.0
2024-05-04,169,406.0
2024-05-05,169,342.0
2024-04-30,170,419.0
2024-05-01,170,428.0
2024-05-02,170,468.0
2024-05-03,170,426.0
2024-05-04,170,361.0
2024-05-05,170,431.0
2024-05-06,170,466.0
2024-05-07,170,376.0
2024-05-08,170,415.0
2024-05-09,170,409.0
2024-05-10,170,405.0
2024-05-11,170,353.0
2024-05-12,170,375.0
2024-05-13,170,402.0
2024-05-04,171,259.0
2024-05-05,171,252.0
2024-05-06,171,418.0
2024-05-07,171,380.0
2024-05-08,171,411.0
2024-05-09,171,394.0
2024-05-10,171,344.0
2024-05-11,171,266.0
2024-05-12,171,263.0
2024-05-13,171,372.0
2024-05-14,171,395.0
2024-05-02,172,540.0
2024-05-03,172,536.0
2024-05-04,172,505.0
2024-05-05,172,557.0
2024-05-06,172,555.0
2024-05-07,172,506.0
2024-05-08,172,537.0
2024-05-09,172,498.0
2024-05-10,172,512.0
2024-05-11,172,522.0
2024-05-12,172,547.0
2024-05-13,172,552.0
2024-05-14,172,555.0
2024-05-15,172,443.0
2024-05-17,372,321.0
2024-05-18,372,562.0
2024-05-20,372,436.0
2024-05-21,372,459.0
2024-05-22,372,402.0
2024-05-23,372,484.0
2024-05-24,372,793.0
2024-05-25,372,460.0
2024-05-26,372,405.0
2024-05-27,372,449.0
2024-05-28,372,370.0
2024-05-29,372,231.0
2024-05-30,372,449.0
2024-05-31,372,485.0
2024-05-08,173,347.0
2024-05-09,173,453.0
2024-05-10,173,414.0
2024-05-11,173,476.0
2024-05-12,173,448.0
2024-05-13,173,335.0
2024-05-14,173,226.0
2024-05-15,173,308.0
2024-05-21,373,415.0
2024-05-22,373,440.0
2024-05-23,373,417.0
2024-05-24,373,456.0
2024-05-25,373,470.0
2024-05-26,373,465.0
2024-05-28,373,420.0
2024-05-29,373,425.0
2024-05-30,373,423.0
2024-06-03,373,538.0
2024-06-04,373,442.0
2024-06-05,373,524.0
2024-06-06,373,489.0
2024-06-07,373,471.0
2024-06-08,373,359.0
2024-05-09,174,523.0
2024-05-14,174,284.0
2024-05-16,174,423.0
2024-05-18,174,565.0
2024-05-19,174,440.0
2024-05-20,174,409.0
2024-05-21,374,475.0
2024-05-22,374,525.0
2024-05-23,374,477.0
2024-05-24,374,490.0
2024-05-25,374,498.0
2024-05-26,374,488.0
2024-05-27,374,519.0
2024-05-28,374,547.0
2024-05-29,374,463.0
2024-05-30,374,481.0
2024-05-31,374,439.0
2024-06-01,374,509.0
2024-06-02,374,464.0
2024-06-03,374,512.0
2024-06-04,374,389.0
2024-05-07,175,575.0
2024-05-08,175,502.0
2024-05-09,175,470.0
2024-05-10,175,535.0
2024-05-11,175,459.0
2024-05-12,175,553.0
2024-05-13,175,540.0
2024-05-14,175,486.0
2024-05-15,175,483.0
2024-05-16,175,476.0
2024-05-17,175,456.0
2024-05-18,175,421.0
2024-05-19,175,501.0
2024-05-20,175,602.0
2024-05-22,375,498.0
2024-05-23,375,337.0
2024-05-24,375,257.0
2024-05-25,375,402.0
2024-05-26,375,723.0
2024-05-27,375,635.0
2024-05-28,375,643.0
2024-05-29,375,491.0
2024-05-30,375,253.0
2024-05-31,375,710.0
2024-06-01,375,584.0
2024-06-02,375,587.0
2024-06-03,375,539.0
2024-06-01,376,597.0
2024-06-02,376,486.0
2024-06-03,376,563.0
2024-06-04,376,465.0
2024-06-05,376,552.0
2024-06-06,376,434.0
2024-06-07,376,517.0
2024-06-08,376,469.0
2024-06-09,376,829.0
2024-06-10,376,387.0
2024-06-11,376,491.0
2024-06-12,376,197.0
2024-06-13,376,230.0
2024-06-14,376,656.0
2024-06-15,376,342.0
2024-06-16,376,449.0
2024-06-17,376,336.0
2024-05-18,177,705.0
2024-05-19,177,469.0
2024-05-20,177,543.0
2024-05-22,177,575.0
2024-05-23,177,483.0
2024-05-24,177,454.0
2024-05-25,177,638.0
2024-05-28,177,776.0
2024-05-29,177,236.0
2024-05-30,177,691.0
2024-05-31,177,444.0
2024-06-01,177,365.0
2024-06-02,177,353.0
2024-06-03,177,722.0
2024-06-04,177,506.0
2024-06-05,177,630.0
2024-06-05,177,229.0
2024-06-06,177,687.0
2024-06-07,177,641.0
2024-06-08,177,720.0
2024-06-10,177,855.0
2024-06-11,177,276.0
2024-06-13,177,360.0
2024-06-13,177,597.0
2024-06-16,177,246.0
2024-06-17,177,292.0
2024-06-18,177,502.0
2024-06-19,177,325.0
2024-06-19,177,397.0
2024-06-20,177,618.0
2024-05-16,178,385.0
2024-05-17,178,526.0
2024-05-19,178,411.0
2024-05-20,178,409.0
2024-05-21,178,409.0
2024-05-26,378,725.0
2024-05-27,378,783.0
2024-05-28,378,723.0
2024-05-29,378,449.0
2024-05-31,378,410.0
2024-06-02,378,464.0
2024-06-03,378,661.0
2024-06-04,378,450.0
2024-06-05,378,595.0
2024-06-06,378,613.0
2024-06-07,378,517.0
2024-06-08,378,554.0
2024-06-09,378,435.0
2024-06-10,378,670.0
2024-06-11,378,367.0
2024-05-14,179,448.0
2024-05-15,179,526.0
2024-05-16,179,605.0
2024-05-17,179,459.0
2024-05-18,179,502.0
2024-05-19,179,552.0
2024-05-20,179,435.0
2024-05-21,179,541.0
2024-05-22,179,467.0
2024-05-23,179,538.0
2024-05-24,179,387.0
2024-05-25,179,551.0
2024-05-26,179,410.0
2024-05-27,179,539.0
2024-05-28,179,437.0
2024-05-31,379,516.0
2024-06-01,379,436.0
2024-06-02,379,365.0
2024-06-03,379,481.0
2024-06-04,379,459.0
2024-06-05,379,398.0
2024-06-06,379,521.0
2024-06-07,379,473.0
2024-06-08,379,526.0
2024-06-09,379,476.0
2024-06-10,379,365.0
2024-06-11,379,438.0
2024-06-12,379,468.0
2024-05-14,180,466.0
2024-05-15,180,447.0
2024-05-16,180,368.0
2024-05-17,180,349.0
2024-05-18,180,457.0
2024-05-19,180,396.0
2024-05-20,180,410.0
2024-05-21,180,340.0
2024-05-22,180,473.0
2024-05-23,180,453.0
2024-05-24,180,363.0
2024-05-25,180,432.0
2024-05-26,180,441.0
2024-05-27,180,283.0
2024-05-29,380,470.0
2024-05-30,380,540.0
2024-05-31,380,521.0
2024-06-01,380,457.0
2024-06-02,380,506.0
2024-06-03,380,665.0
2024-06-04,380,643.0
2024-06-05,380,605.0
2024-06-06,380,740.0
2024-06-07,380,561.0
2024-06-08,380,521.0
2024-06-09,380,675.0
2024-06-10,380,645.0
2024-06-11,380,688.0
2024-05-30,181,772.0
2024-05-31,181,447.0
2024-06-01,181,741.0
2024-06-02,181,671.0
2024-06-03,181,742.0
2024-06-04,181,641.0
2024-06-07,181,484.0
2024-06-08,181,637.0
2024-06-09,181,625.0
2024-06-10,181,652.0
2024-06-11,181,639.0
2024-06-12,181,617.0
2024-06-13,381,488.0
2024-06-14,381,556.0
2024-06-15,381,466.0
2024-06-17,381,524.0
2024-06-18,381,456.0
2024-06-19,381,516.0
2024-06-20,381,553.0
2024-06-21,381,548.0
2024-06-22,381,640.0
2024-06-23,381,353.0
2024-06-24,381,376.0
2024-06-25,381,353.0
2024-06-26,381,391.0
2024-05-17,182,470.0
2024-05-19,182,571.0
2024-05-20,182,467.0
2024-05-21,182,447.0
2024-05-22,182,427.0
2024-05-23,182,424.0
2024-05-25,182,271.0
2024-05-26,182,529.0
2024-05-27,182,386.0
2024-05-28,182,317.0
2024-05-29,182,388.0
2024-05-30,182,530.0
2024-05-31,182,341.0
2024-06-02,182,479.0
2024-06-03,182,504.0
2024-06-04,382,484.0
2024-06-05,382,529.0
2024-06-06,382,498.0
2024-06-07,382,375.0
2024-06-08,382,492.0
2024-06-09,382,431.0
2024-06-10,382,487.0
2024-06-11,382,433.0
2024-06-12,382,634.0
2024-06-13,382,446.0
2024-06-14,382,614.0
2024-06-15,382,299.0
2024-06-16,382,442.0
2024-06-17,382,453.0
2024-06-18,382,452.0
2024-06-19,382,387.0
2024-06-20,382,535.0
2024-05-22,183,273.0
2024-05-23,183,267.0
2024-05-24,183,304.0
2024-05-25,183,421.0
2024-05-26,183,473.0
2024-05-27,183,434.0
2024-05-28,183,279.0
2024-05-29,183,456.0
2024-05-29,183,210.0
2024-05-30,183,520.0
2024-05-31,183,301.0
2024-06-01,183,569.0
2024-06-02,183,332.0
2024-06-03,183,474.0
2024-06-04,183,286.0
2024-06-05,183,454.0
2024-06-06,383,518.0
2024-06-07,383,614.0
2024-06-08,383,582.0
2024-06-10,383,463.0
2024-06-11,383,576.0
2024-06-12,383,439.0
2024-06-13,383,832.0
2024-06-14,383,579.0
2024-06-15,383,419.0
2024-06-16,383,628.0
2024-06-17,383,397.0
2024-06-18,383,564.0
2024-06-19,383,529.0
2024-06-20,383,528.0
2023-12-08,301,421.0
2023-12-09,301,484.0
2023-12-11,301,409.0
2023-12-12,301,403.0
2023-12-13,301,473.0
2023-12-14,301,374.0
2023-12-15,301,463.0
2023-12-16,301,470.0
2023-12-17,301,398.0
2023-12-19,301,441.0
2023-12-20,301,395.0
2023-12-21,301,392.0
2023-12-22,301,447.0
2023-12-23,301,429.0
2023-12-24,301,449.0
2023-12-25,301,503.0
2023-12-28,301,469.0
2023-12-29,301,448.0
2023-12-30,301,514.0
2024-01-01,301,464.0
2024-01-02,301,375.0
2024-01-03,301,432.0
2023-12-07,305,244.0
2023-12-08,305,302.0
2023-12-09,305,374.0
2023-12-10,305,468.0
2023-12-11,305,238.0
2023-12-12,305,320.0
2023-12-13,305,319.0
2023-12-14,305,215.0
2023-12-15,305,346.0
2023-12-16,305,243.0
2023-12-17,305,489.0
2023-12-18,305,260.0
2023-12-19,305,274.0
2023-12-20,305,513.0
2023-12-21,305,435.0
2023-12-12,306,214.0
2023-12-13,306,280.0
2023-12-14,306,313.0
2023-12-15,306,313.0
2023-12-17,306,271.0
2023-12-17,306,230.0
2023-12-18,306,274.0
2023-12-18,306,198.0
2023-12-19,306,500.0
2023-12-20,306,500.0
2023-12-21,306,290.0
2023-12-21,306,354.0
2023-12-22,306,373.0
2023-12-23,306,587.0
2023-12-24,306,383.0
2023-12-25,306,426.0
2023-12-26,306,455.0
2023-12-27,306,283.0
2023-12-28,306,412.0
2023-12-29,306,362.0
2023-12-29,306,476.0
2023-12-30,306,233.0
2023-12-31,306,507.0
2024-01-01,306,709.0
2024-01-02,306,502.0
2024-01-03,306,319.0
2024-01-04,306,303.0
2024-01-05,306,691.0
2024-01-06,306,496.0
2024-01-04,308,388.0
2024-01-05,308,456.0
2024-01-06,308,276.0
2024-01-07,308,361.0
2024-01-08,308,425.0
2024-01-09,308,344.0
2024-01-10,308,339.0
2024-01-11,308,409.0
2024-01-12,308,428.0
2024-01-13,308,406.0
2024-01-14,308,330.0
2024-01-15,308,340.0
2024-01-16,308,512.0
2024-01-17,308,412.0
2024-01-18,308,290.0
2024-01-19,308,350.0
2024-01-20,308,363.0
2024-01-21,308,451.0
2024-01-22,308,348.0
2024-01-23,308,442.0
2024-01-24,308,389.0
2024-01-04,309,399.0
2024-01-05,309,409.0
2024-01-06,309,502.0
2024-01-07,309,430.0
2024-01-09,309,397.0
2024-01-10,309,398.0
2024-01-12,309,433.0
2024-01-14,309,196.0
2024-01-14,309,310.0
2024-01-15,309,406.0
2024-01-16,309,379.0
2024-01-17,309,425.0
2024-01-18,309,494.0
2024-01-19,309,351.0
2024-01-21,309,446.0
2024-01-22,309,437.0
2024-01-23,309,182.0
2024-01-24,309,397.0
2024-01-25,309,414.0
2024-02-01,309,316.0
2024-01-04,310,344.0
2024-01-05,310,318.0
2024-01-07,310,393.0
2024-01-08,310,199.0
2024-01-11,310,345.0
2024-01-12,310,283.0
2024-01-13,310,568.0
2024-01-15,310,278.0
2024-01-16,310,406.0
2024-01-17,310,215.0
2024-01-18,310,212.0
2024-01-19,310,359.0
2024-01-20,310,539.0
2024-01-21,310,345.0
2024-01-23,310,433.0
2024-01-24,310,295.0
2024-01-25,310,267.0
2024-01-26,310,350.0
2024-01-27,310,366.0
2024-01-28,310,389.0
2024-01-29,310,293.0
2024-01-30,310,399.0
2023-12-26,311,372.0
2023-12-27,311,428.0
2023-12-28,311,388.0
2023-12-29,311,469.0
2023-12-30,311,397.0
2023-12-31,311,493.0
2024-01-01,311,420.0
2024-01-02,311,438.0
2024-01-03,311,496.0
2024-01-04,311,506.0
2024-01-05,311,565.0
2024-01-06,311,409.0
2024-01-07,311,429.0
2024-01-08,311,360.0
2024-01-09,311,463.0
2024-01-10,311,506.0
2024-01-11,311,481.0
2024-01-15,311,449.0
2024-01-16,311,421.0
2024-01-17,311,473.0
2024-01-18,311,493.0
2024-01-19,312,919.0
2024-01-23,312,502.0
2024-01-24,312,543.0
2024-01-25,312,217.0
2024-01-26,312,312.0
2024-01-31,312,304.0
2024-02-01,312,560.0
2024-02-02,312,303.0
2024-02-03,312,456.0
2024-02-04,312,437.0
2024-02-05,312,492.0
2024-02-06,312,480.0
2024-02-07,312,571.0
2024-02-08,312,777.0
2024-02-11,312,445.0
2024-02-12,312,547.0
2024-02-13,312,389.0
2024-02-14,312,482.0
2024-02-15,312,213.0
2024-02-16,312,298.0
2024-02-16,312,368.0
2024-02-17,312,245.0
2024-02-17,312,465.0
2024-02-18,312,509.0
2024-02-19,312,554.0
2024-02-20,312,842.0
2024-02-21,312,586.0
2024-02-22,312,392.0
2024-02-23,312,332.0
2024-02-23,312,236.0
2024-02-25,312,262.0
2024-02-26,312,420.0
2024-02-27,312,287.0
2024-02-28,312,440.0
2024-02-29,312,456.0
2024-03-01,312,527.0
2024-03-02,312,517.0
2024-03-04,312,660.0
2024-01-23,315,480.0
2024-01-24,315,445.0
2024-01-25,315,427.0
2024-01-26,315,322.0
2024-01-27,315,387.0
2024-01-28,315,340.0
2024-01-29,315,325.0
2024-01-30,315,333.0
2024-01-31,315,350.0
2024-02-01,315,309.0
2024-02-02,315,360.0
2024-02-03,315,333.0
2024-02-05,315,325.0
2024-02-06,315,329.0
2024-02-07,315,353.0
2024-02-08,315,348.0
2024-02-09,315,403.0
2024-02-11,315,376.0
2024-02-12,315,368.0
2024-02-13,315,350.0
2023-12-23,316,210.0
2023-12-24,316,448.0
2023-12-26,316,492.0
2023-12-27,316,505.0
2023-12-28,316,363.0
2023-12-29,316,477.0
2023-12-30,316,355.0
2023-12-31,316,435.0
2024-01-01,316,684.0
2024-01-02,316,250.0
2024-01-03,316,714.0
2024-01-04,316,307.0
2024-01-05,316,561.0
2024-01-11,317,452.0
2024-01-12,317,490.0
2024-01-13,317,588.0
2024-01-14,317,399.0
2024-01-15,317,547.0
2024-01-16,317,601.0
2024-01-17,317,423.0
2024-01-18,317,351.0
2024-01-19,317,509.0
2024-01-20,317,458.0
2024-01-21,317,414.0
2024-01-22,317,363.0
2024-01-23,317,385.0
2024-01-24,317,315.0
2024-01-25,317,447.0
2024-01-26,317,445.0
2024-01-27,317,444.0
2024-01-29,317,420.0
2024-01-30,317,323.0
2024-01-31,317,394.0
2024-02-01,317,426.0
2024-01-06,318,543.0
2024-01-07,318,515.0
2024-01-08,318,492.0
2024-01-09,318,559.0
2024-01-10,318,611.0
2024-01-11,318,469.0
2024-01-12,318,549.0
2024-01-13,318,588.0
2024-01-14,318,572.0
2024-01-15,318,679.0
2024-01-16,318,628.0
2024-01-17,318,770.0
2024-01-18,318,625.0
2024-01-19,318,623.0
2024-01-20,318,635.0
2024-01-21,318,669.0
2024-01-22,318,481.0
2024-01-23,318,619.0
2024-01-24,318,547.0
2024-01-25,318,526.0
2024-01-09,319,454.0
2024-01-10,319,519.0
2024-01-11,319,494.0
2024-01-12,319,415.0
2024-01-13,319,526.0
2024-01-14,319,557.0
2024-01-15,319,450.0
2024-01-16,319,698.0
2024-01-17,319,541.0
2024-01-18,319,449.0
2024-01-19,319,511.0
2024-01-20,319,474.0
2024-01-21,319,527.0
2024-01-22,319,875.0
2024-01-23,319,508.0
2024-01-24,319,535.0
2024-01-25,319,495.0
2024-01-26,319,294.0
2024-01-27,319,556.0
2024-01-28,319,578.0
2024-01-29,319,535.0
2024-01-30,319,387.0
2024-01-26,320,424.0
2024-01-27,320,351.0
2024-01-28,320,488.0
2024-01-29,320,371.0
2024-01-30,320,376.0
2024-01-31,320,365.0
2024-02-01,320,376.0
2024-02-02,320,415.0
2024-02-03,320,284.0
2024-02-04,320,316.0
2024-02-05,320,386.0
2024-02-06,320,352.0
2024-02-07,320,338.0
2024-02-08,320,407.0
2024-02-09,320,362.0
2024-02-10,320,336.0
2024-02-11,320,350.0
2024-02-12,320,310.0
2024-02-13,320,397.0
2024-02-14,320,312.0
2024-02-15,320,431.0
2024-02-01,321,301.0
2024-02-08,321,598.0
2024-02-09,321,534.0
2024-02-10,321,666.0
2024-02-11,321,547.0
2024-02-12,321,557.0
2024-02-13,321,509.0
2024-02-14,321,522.0
2024-02-15,321,554.0
2024-02-16,321,547.0
2024-02-17,321,533.0
2024-02-18,321,587.0
2024-02-19,321,742.0
2024-02-20,321,456.0
2024-02-21,321,565.0
2024-02-22,321,621.0
2024-02-23,321,534.0
2024-02-24,321,583.0
2024-02-26,321,691.0
2024-02-27,321,574.0
2024-02-16,322,313.0
2024-02-17,322,506.0
2024-02-18,322,570.0
2024-02-19,322,609.0
2024-02-20,322,570.0
2024-02-23,322,354.0
2024-01-27,323,432.0
2024-01-28,323,382.0
2024-01-29,323,465.0
2024-01-30,323,424.0
2024-01-31,323,407.0
2024-02-01,323,504.0
2024-02-02,323,457.0
2024-02-03,323,394.0
2024-02-04,323,332.0
2024-02-05,323,379.0
2024-02-06,323,399.0
2024-02-07,323,411.0
2024-02-08,323,419.0
2024-02-09,323,411.0
2024-02-10,323,444.0
2024-02-12,323,403.0
2024-02-13,323,428.0
2024-02-14,323,385.0
2024-02-15,323,422.0
2024-02-16,323,430.0
2024-02-17,323,466.0
2024-02-18,323,315.0
2024-02-19,323,469.0
2024-02-20,323,458.0
2024-02-21,323,453.0
2024-02-22,323,405.0
2024-02-23,323,381.0
2024-02-24,323,358.0
2024-02-26,323,511.0
2024-02-27,323,407.0
2024-02-28,323,311.0
2024-02-29,323,384.0
2024-03-01,323,447.0
2024-03-02,323,372.0
2024-03-03,323,444.0
2024-03-04,323,516.0
2024-02-09,324,529.0
2024-02-10,324,514.0
2024-02-11,324,645.0
2024-02-11,324,241.0
2024-02-13,324,376.0
2024-02-14,324,248.0
2024-02-15,324,603.0
2024-02-16,324,483.0
2024-02-17,324,372.0
2024-02-18,324,1092.0
2024-02-19,324,850.0
2024-02-20,324,999.0
2024-02-21,324,528.0
2024-02-22,324,562.0
2024-02-23,324,775.0
2024-02-24,324,558.0
2024-02-25,324,571.0
2024-02-26,324,276.0
2024-02-27,324,554.0
2024-02-28,324,286.0
2024-02-29,324,268.0
2024-03-01,324,278.0
2024-01-27,325,275.0
2024-01-28,325,540.0
2024-01-29,325,411.0
2024-01-30,325,386.0
2024-01-31,325,398.0
2024-02-01,325,358.0
2024-02-02,325,364.0
2024-02-03,325,550.0
2024-02-04,325,505.0
2024-02-05,325,458.0
2024-02-06,325,436.0
2024-02-07,325,394.0
2024-02-08,325,421.0
2024-02-09,325,405.0
2024-02-12,325,357.0
2024-02-13,325,436.0
2024-02-14,325,465.0
2024-02-15,325,413.0
2024-01-31,326,550.0
2024-02-01,326,384.0
2024-02-02,326,424.0
2024-02-04,326,395.0
2024-02-05,326,470.0
2024-02-06,326,433.0
2024-02-07,326,399.0
2024-02-07,326,187.0
2024-02-09,326,477.0
2024-02-10,326,438.0
2024-02-11,326,415.0
2024-02-12,326,415.0
2024-02-13,326,313.0
2024-02-14,326,511.0
2024-02-15,326,446.0
2024-02-16,326,478.0
2024-03-05,327,318.0
2024-03-07,327,363.0
2024-03-08,327,291.0
2024-03-09,327,791.0
2024-03-10,327,387.0
2024-03-11,327,388.0
2024-03-12,327,362.0
2024-03-13,327,359.0
2024-03-14,327,686.0
2024-03-15,327,560.0
2024-03-16,327,490.0
2024-03-17,327,217.0
2024-03-25,327,423.0
2024-03-26,327,407.0
2024-03-27,327,349.0
2024-03-28,327,351.0
2024-03-29,327,578.0
2024-03-30,327,432.0
2024-03-31,327,424.0
2024-02-14,328,415.0
2024-02-15,328,502.0
2024-02-16,328,550.0
2024-02-17,328,491.0
2024-02-20,328,236.0
2024-02-21,328,309.0
2024-02-23,328,410.0
2024-02-24,328,543.0
2024-02-25,328,593.0
2024-02-26,328,187.0
2024-02-27,328,436.0
2024-02-28,328,253.0
2024-02-29,328,373.0
2024-03-01,328,393.0
2024-03-04,328,436.0
2024-03-05,328,362.0
2024-03-06,328,427.0
2024-03-08,328,429.0
2024-03-09,328,411.0
2024-03-10,328,420.0
2024-03-11,328,386.0
2024-03-12,328,399.0
2024-03-13,328,359.0
2024-03-14,328,354.0
2024-03-15,328,376.0
2024-03-16,328,548.0
2024-03-17,328,558.0
2024-03-18,328,182.0
2024-03-19,328,390.0
2024-03-20,328,490.0
2024-03-21,328,507.0
2024-03-22,328,607.0
2024-03-23,328,495.0
2024-03-24,328,520.0
2024-03-25,328,340.0
2024-03-26,328,475.0
2024-03-27,328,208.0
2024-03-28,328,455.0
2024-02-09,329,956.0
2024-02-10,329,489.0
2024-02-11,329,541.0
2024-02-12,329,455.0
2024-02-13,329,486.0
2024-02-14,329,517.0
2024-02-15,329,430.0
2024-02-16,329,614.0
2024-02-17,329,483.0
2024-02-18,329,517.0
2024-02-19,329,402.0
2024-02-20,329,445.0
2024-02-21,329,582.0
2024-02-22,329,402.0
2024-02-23,329,474.0
2024-02-24,329,763.0
2024-02-26,329,405.0
2024-02-27,329,441.0
2024-02-28,329,502.0
2024-02-01,330,527.0
2024-02-02,330,377.0
2024-02-03,330,443.0
2024-02-04,330,457.0
2024-02-05,330,481.0
2024-02-06,330,438.0
2024-02-07,330,439.0
2024-02-08,330,389.0
2024-02-09,330,439.0
2024-02-10,330,410.0
2024-02-11,330,474.0
2024-02-12,330,503.0
2024-02-13,330,489.0
2024-02-14,330,441.0
2024-02-15,330,473.0
2024-02-02,331,333.0
2024-02-03,331,296.0
2024-02-04,331,542.0
2024-02-05,331,564.0
2024-02-06,331,430.0
2024-02-07,331,403.0
2024-02-08,331,243.0
2024-02-09,331,419.0
2024-02-10,331,485.0
2024-02-11,331,482.0
2024-02-14,331,388.0
2024-02-15,331,489.0
2024-02-16,331,588.0
2024-02-17,331,634.0
2024-02-18,331,632.0
2024-02-19,331,340.0
2024-02-20,331,386.0
2024-02-21,331,356.0
2024-02-22,331,434.0
2024-02-23,331,494.0
2024-02-24,331,392.0
2024-02-25,331,599.0
2024-02-26,331,395.0
2024-02-09,332,553.0
2024-02-10,332,431.0
2024-02-11,332,699.0
2024-02-12,332,525.0
2024-02-13,332,411.0
2024-02-14,332,471.0
2024-02-15,332,439.0
2024-02-16,332,483.0
2024-02-17,332,325.0
2024-02-18,332,399.0
2024-02-19,332,498.0
2024-02-20,332,475.0
2024-02-21,332,390.0
2024-02-22,332,390.0
2024-02-23,332,439.0
2024-02-24,332,664.0
2024-02-25,332,372.0
2024-02-26,332,397.0
2024-02-27,332,381.0
2024-02-28,332,396.0
2024-02-16,333,411.0
2024-02-17,333,276.0
2024-02-18,333,342.0
2024-02-19,333,321.0
2024-02-20,333,400.0
2024-02-21,333,451.0
2024-02-22,333,448.0
2024-02-23,333,531.0
2024-02-24,333,357.0
2024-02-25,333,364.0
2024-02-26,333,457.0
2024-02-27,333,463.0
2024-02-28,333,452.0
2024-02-29,333,415.0
2024-03-01,333,371.0
2024-03-03,333,365.0
2024-03-04,333,369.0
2024-03-05,333,414.0
2024-03-06,333,413.0
2024-03-07,333,411.0
2024-03-08,333,394.0
2024-03-09,333,376.0
2024-02-21,334,432.0
2024-02-22,334,453.0
2024-02-23,334,327.0
2024-02-24,334,363.0
2024-02-25,334,372.0
2024-02-26,334,394.0
2024-02-27,334,360.0
2024-02-28,334,317.0
2024-02-29,334,383.0
2024-03-01,334,352.0
2024-03-02,334,435.0
2024-03-04,334,445.0
2024-03-05,334,369.0
2024-03-06,334,375.0
2024-03-07,334,370.0
2024-03-08,334,346.0
2024-03-09,334,352.0
2024-03-10,334,391.0
2024-03-11,334,181.0
2024-02-23,335,448.0
2024-02-24,335,371.0
2024-02-25,335,322.0
2024-02-26,335,419.0
2024-02-27,335,347.0
2024-02-28,335,377.0
2024-03-01,335,417.0
2024-03-02,335,223.0
2024-03-03,335,262.0
2024-03-04,335,301.0
2024-03-05,335,383.0
2024-03-06,335,212.0
2024-03-08,335,349.0
2024-03-09,335,196.0
2024-03-10,335,274.0
2024-03-11,335,408.0
2024-03-12,335,255.0
2024-03-13,335,289.0
2024-03-14,335,450.0
2024-02-24,336,310.0
2024-02-25,336,545.0
2024-02-26,336,273.0
2024-02-27,336,305.0
2024-02-28,336,394.0
2024-03-04,336,338.0
2024-03-05,336,318.0
2024-03-06,336,294.0
2024-03-07,336,212.0
2024-03-08,336,196.0
2024-03-10,336,415.0
2024-03-12,336,232.0
2024-03-13,336,218.0
2024-03-15,336,203.0
2024-03-15,336,209.0
2024-02-27,337,647.0
2024-02-28,337,383.0
2024-02-29,337,359.0
2024-03-01,337,303.0
2024-03-02,337,559.0
2024-03-03,337,437.0
2024-03-04,337,330.0
2024-03-05,337,381.0
2024-03-06,337,535.0
2024-03-07,337,280.0
2024-03-08,337,367.0
2024-03-09,337,559.0
2024-03-10,337,451.0
2024-03-11,337,325.0
2024-04-03,338,386.0
2024-04-04,338,440.0
2024-04-05,338,399.0
2024-04-06,338,454.0
2024-04-07,338,477.0
2024-04-08,338,342.0
2024-04-10,338,390.0
2024-04-11,338,318.0
2024-04-12,338,378.0
2024-04-13,338,304.0
2024-04-14,338,374.0
2024-04-15,338,314.0
2024-04-16,338,320.0
2024-03-15,339,336.0
2024-03-16,339,451.0
2024-03-17,339,603.0
2024-03-18,339,415.0
2024-03-19,339,398.0
2024-03-20,339,357.0
2024-03-21,339,311.0
2024-03-22,339,314.0
2024-03-23,339,427.0
2024-03-24,339,505.0
2024-03-25,339,208.0
2024-03-26,339,302.0
2024-03-27,339,353.0
2024-03-27,339,197.0
2024-03-28,339,341.0
2024-03-29,339,379.0
2024-03-30,339,390.0
2024-03-31,339,464.0
2024-04-01,339,358.0
2024-04-02,339,483.0
2024-04-03,339,443.0
2024-04-04,340,456.0
2024-04-05,340,445.0
2024-04-06,340,404.0
2024-04-07,340,298.0
2024-04-08,340,418.0
2024-04-09,340,322.0
2024-04-10,340,427.0
2024-04-11,340,396.0
2024-04-12,340,326.0
2024-04-13,340,350.0
2024-04-14,340,368.0
2024-04-15,340,346.0
2024-04-16,340,368.0
2024-04-17,340,360.0
2024-03-26,341,467.0
2024-03-27,341,469.0
2024-03-28,341,416.0
2024-03-29,341,514.0
2024-04-14,341,559.0
2024-04-15,341,463.0
2024-04-16,341,226.0
2024-04-17,341,353.0
2024-04-18,341,410.0
2024-04-19,341,402.0
2024-04-20,341,461.0
2024-04-21,341,466.0
2024-04-22,341,394.0
2024-04-04,342,593.0
2024-04-05,342,603.0
2024-04-06,342,455.0
2024-04-07,342,510.0
2024-04-08,342,530.0
2024-04-09,342,535.0
2024-04-10,342,525.0
2024-04-11,342,500.0
2024-04-12,342,387.0
2024-04-13,342,542.0
2024-04-14,342,507.0
2024-04-15,342,469.0
2024-04-16,342,426.0
2024-04-17,342,546.0
2024-04-18,342,598.0
2024-04-19,342,526.0
2024-03-20,343,438.0
2024-03-21,343,368.0
2024-03-22,343,356.0
2024-03-24,343,513.0
2024-03-25,343,337.0
2024-03-26,343,604.0
2024-03-27,343,370.0
2024-03-28,343,547.0
2024-03-29,343,587.0
2024-03-30,343,486.0
2024-03-31,343,556.0
2024-04-01,343,438.0
2024-04-02,343,313.0
2024-04-08,346,426.0
2024-04-09,346,335.0
2024-04-10,346,419.0
2024-04-11,346,414.0
2024-04-12,346,414.0
2024-04-13,346,425.0
2024-04-15,346,356.0
2024-04-16,346,411.0
2024-04-17,346,495.0
2024-04-18,346,503.0
2024-04-19,346,399.0
2024-04-20,346,477.0
2024-04-21,346,522.0
2024-04-22,346,426.0
2024-04-23,346,422.0
2024-04-24,346,472.0
2024-04-25,346,469.0
2024-04-26,346,439.0
2024-03-29,347,322.0
2024-03-30,347,522.0
2024-03-31,347,489.0
2024-04-01,347,249.0
2024-04-02,347,404.0
2024-04-03,347,204.0
2024-04-04,347,313.0
2024-04-07,347,372.0
2024-04-08,347,379.0
2024-04-09,347,342.0
2024-04-10,347,330.0
2024-04-03,348,398.0
2024-04-04,348,705.0
2024-04-05,348,444.0
2024-04-06,348,602.0
2024-04-07,348,641.0
2024-04-08,348,396.0
2024-04-09,348,396.0
2024-04-10,348,381.0
2024-04-11,348,415.0
2024-04-12,348,399.0
2024-04-13,348,628.0
2024-04-14,348,675.0
2024-04-15,348,711.0
2024-04-03,349,430.0
2024-04-04,349,469.0
2024-04-05,349,490.0
2024-04-06,349,463.0
2024-04-07,349,373.0
2024-04-08,349,433.0
2024-04-09,349,510.0
2024-04-10,349,490.0
2024-04-11,349,360.0
2024-04-12,349,422.0
2024-04-13,349,337.0
2024-04-14,349,479.0
2024-04-15,349,505.0
2024-04-16,349,303.0
2024-04-17,349,451.0
2024-04-18,349,247.0
2024-04-19,349,329.0
2024-04-20,349,401.0
2024-04-21,349,396.0
2024-04-22,349,518.0
2024-04-02,350,404.0
2024-04-03,350,239.0
2024-04-04,350,406.0
2024-04-05,350,444.0
2024-04-06,350,376.0
2024-04-07,350,361.0
2024-04-08,350,390.0
2024-04-09,350,378.0
2024-04-11,350,225.0
2024-04-12,350,445.0
2024-04-13,350,437.0
2024-04-14,350,313.0
2024-04-15,350,447.0
2024-04-16,351,354.0
2024-04-17,351,373.0
2024-04-18,351,384.0
2024-04-19,351,426.0
2024-04-21,351,383.0
2024-04-22,351,494.0
2024-04-23,351,466.0
2024-04-24,351,366.0
2024-04-25,351,454.0
2024-04-26,351,532.0
2024-04-27,351,421.0
2024-04-29,351,407.0
2024-04-26,352,294.0
2024-05-02,352,212.0
2024-05-03,352,212.0
2024-04-03,353,529.0
2024-04-04,353,488.0
2024-04-05,353,455.0
2024-04-06,353,351.0
2024-04-07,353,448.0
2024-04-08,353,422.0
2024-04-09,353,469.0
2024-04-10,353,487.0
2024-04-11,353,458.0
2024-04-12,353,421.0
2024-04-13,353,487.0
2024-04-14,353,427.0
2024-04-15,353,418.0
2024-04-10,355,239.0
2024-04-11,355,495.0
2024-04-12,355,440.0
2024-04-13,355,410.0
2024-04-14,355,352.0
2024-04-15,355,418.0
2024-04-16,355,438.0
2024-04-17,355,370.0
2024-04-18,355,429.0
2024-04-19,355,353.0
2024-04-20,355,461.0
2024-04-21,355,461.0
2024-04-22,355,469.0
2024-04-23,355,452.0
2024-04-24,355,411.0
2024-04-25,355,445.0
2024-04-26,355,454.0
2024-04-16,356,456.0
2024-04-17,356,431.0
2024-04-18,356,384.0
2024-04-19,356,477.0
2024-04-20,356,421.0
2024-04-21,356,484.0
2024-04-22,356,480.0
2024-04-23,356,477.0
2024-04-24,356,428.0
2024-04-26,356,419.0
2024-04-27,356,372.0
2024-04-28,356,506.0
2024-04-29,356,424.0
2024-04-30,356,391.0
2024-04-13,357,475.0
2024-04-14,357,411.0
2024-04-15,357,317.0
2024-04-16,357,312.0
2024-04-17,357,239.0
2024-04-18,357,325.0
2024-04-19,357,247.0
2024-04-20,357,306.0
2024-04-21,357,259.0
2024-04-22,357,384.0
2024-04-23,357,454.0
2024-04-24,357,336.0
2024-04-25,357,326.0
2024-04-26,357,478.0
2024-04-27,357,403.0
2024-04-28,357,364.0
2024-04-29,357,375.0
2024-04-30,357,314.0
2024-05-01,357,309.0
2024-05-02,357,340.0
2024-05-03,357,347.0
2024-05-04,357,306.0
2024-05-05,357,288.0
2024-04-17,359,556.0
2024-04-19,359,660.0
2024-04-20,359,472.0
2024-04-21,359,489.0
2024-04-22,359,574.0
2024-04-23,359,675.0
2024-04-24,359,543.0
2024-04-25,359,577.0
2024-04-26,359,393.0
2024-04-27,359,239.0
2024-04-28,359,568.0
2024-04-29,359,252.0
2024-04-30,359,684.0
2024-04-25,360,530.0
2024-04-26,360,399.0
2024-04-27,360,511.0
2024-04-27,360,213.0
2024-04-28,360,311.0
2024-04-29,360,293.0
2024-04-30,360,365.0
2024-05-01,360,384.0
2024-05-02,360,236.0
2024-05-03,360,281.0
2024-05-06,360,419.0
2024-05-07,360,341.0
2024-05-09,360,187.0
2024-05-10,360,477.0
2024-05-11,360,588.0
2024-05-12,360,446.0
2024-05-13,360,184.0
2024-04-26,361,393.0
2024-04-27,361,297.0
2024-04-29,361,405.0
2024-04-30,361,336.0
2024-05-01,361,396.0
2024-05-02,361,403.0
2024-05-03,361,359.0
2024-05-04,361,392.0
2024-05-05,361,302.0
2024-05-06,361,436.0
2024-05-07,361,465.0
2024-05-08,361,401.0
2024-05-09,361,384.0
2024-05-04,362,365.0
2024-05-06,362,488.0
2024-05-07,362,237.0
2024-05-08,362,365.0
2024-05-09,362,574.0
2024-05-11,362,952.0
2024-05-12,362,483.0
2024-05-13,362,454.0
2024-05-14,362,533.0
2024-05-15,362,533.0
2024-05-16,362,448.0
2024-05-17,362,467.0
2024-05-18,362,482.0
2024-05-19,362,481.0
2024-05-20,362,567.0
2024-05-21,362,487.0
2024-05-22,362,413.0
2024-05-04,363,623.0
2024-05-05,363,1004.0
2024-05-07,363,237.0
2024-05-08,363,407.0
2024-05-10,363,478.0
2024-05-11,363,632.0
2024-05-12,363,768.0
2024-05-13,363,502.0
2024-05-14,363,440.0
2024-05-15,363,503.0
2024-05-16,363,520.0
2024-05-17,363,388.0
2024-05-19,363,625.0
2024-05-20,363,427.0
2024-05-21,363,408.0
2024-05-22,363,272.0
2024-05-23,363,500.0
2024-05-10,366,417.0
2024-05-11,366,631.0
2024-05-12,366,648.0
2024-05-13,366,636.0
2024-05-14,366,355.0
2024-05-15,366,507.0
2024-05-16,366,375.0
2024-05-08,367,352.0
2024-05-09,367,485.0
2024-05-10,367,374.0
2024-05-11,367,350.0
2024-05-12,367,498.0
2024-05-13,367,372.0
2024-05-14,367,402.0
2024-05-15,367,420.0
2024-05-16,367,410.0
2024-05-17,367,461.0
2024-05-18,367,494.0
2024-05-19,367,357.0
2024-05-20,367,460.0
2024-05-21,367,318.0
2024-05-22,367,364.0
2024-05-08,369,545.0
2024-05-09,369,530.0
2024-05-10,369,393.0
2024-05-11,369,704.0
2024-05-12,369,582.0
2024-05-13,369,338.0
2024-05-14,369,316.0
2024-05-15,369,529.0
2024-05-16,369,472.0
2024-05-17,369,336.0
2024-05-18,369,462.0
2024-05-19,369,583.0
2024-05-20,369,338.0
2024-05-21,369,495.0
2024-05-22,369,428.0
2024-05-14,370,488.0
2024-05-15,370,456.0
2024-05-16,370,427.0
2024-05-17,370,440.0
2024-05-18,370,566.0
2024-05-19,370,620.0
2024-05-20,370,477.0
2024-05-21,370,474.0
2024-05-22,370,636.0
2024-05-23,370,432.0
2024-05-24,370,495.0
2024-05-25,370,563.0
2024-05-26,370,385.0
2024-05-27,370,611.0
2024-05-28,370,489.0
2024-05-16,371,279.0
2024-05-17,371,385.0
2024-05-18,371,272.0
2024-05-20,371,300.0
2024-05-21,371,400.0
2024-05-22,371,368.0
2024-05-28,371,199.0
2024-05-25,184,463.0
2024-05-26,184,442.0
2024-05-27,184,382.0
2024-05-28,184,403.0
2024-05-29,184,376.0
2024-05-30,184,349.0
2024-05-31,184,435.0
2024-06-01,184,290.0
2024-06-02,184,377.0
2024-06-03,184,409.0
2024-06-04,184,357.0
2024-06-05,184,459.0
2024-06-06,184,389.0
2024-06-07,184,353.0
2024-06-08,384,576.0
2024-06-09,384,652.0
2024-06-10,384,583.0
2024-06-11,384,505.0
2024-06-12,384,633.0
2024-06-13,384,709.0
2024-06-14,384,627.0
2024-06-15,384,508.0
2024-06-16,384,577.0
2024-06-17,384,711.0
2024-06-18,384,494.0
2024-06-19,384,912.0
2024-06-20,384,407.0
2024-06-21,384,343.0
2024-05-31,185,354.0
2024-06-10,185,323.0
2024-06-11,185,225.0
2024-06-12,185,474.0
2024-06-15,185,328.0
2024-06-17,185,600.0
2024-06-28,385,332.0
2024-06-29,385,264.0
2024-06-29,385,200.0
2024-06-30,385,451.0
2024-07-01,385,378.0
2024-07-02,385,470.0
2024-07-03,385,423.0
2024-07-04,385,497.0
2024-07-05,385,484.0
2024-07-06,385,500.0
2024-07-07,385,489.0
2024-07-08,385,348.0
2024-07-09,385,357.0
2024-07-10,385,487.0
2024-07-11,385,398.0
2024-07-12,385,610.0
2024-07-13,385,362.0
2024-07-14,385,272.0
2024-07-15,385,280.0
2024-07-16,385,452.0
2024-07-17,385,454.0
2024-07-18,385,407.0
2024-07-19,385,463.0
2024-07-20,385,410.0
2024-07-21,385,376.0
2024-07-22,385,366.0
2024-07-23,385,356.0
2024-07-24,385,334.0
2024-06-08,186,536.0
2024-06-09,186,446.0
2024-06-10,186,433.0
2024-06-11,186,466.0
2024-06-12,186,378.0
2024-06-13,186,381.0
2024-06-14,186,283.0
2024-06-15,186,464.0
2024-06-16,186,302.0
2024-06-17,186,314.0
2024-06-20,386,369.0
2024-06-21,386,310.0
2024-06-22,386,467.0
2024-06-23,386,352.0
2024-06-24,386,437.0
2024-06-24,386,203.0
2024-06-25,386,225.0
2024-06-26,386,415.0
2024-06-27,386,492.0
2024-06-27,386,277.0
2024-06-28,386,251.0
2024-06-29,386,409.0
2024-06-30,386,445.0
2024-07-01,386,407.0
2024-07-02,386,492.0
2024-07-03,386,372.0
2024-07-04,386,473.0
2024-07-05,386,386.0
2024-07-09,386,699.0
2024-07-10,386,492.0
2024-07-11,386,481.0
2024-07-13,386,601.0
2024-07-14,386,471.0
2024-07-15,386,309.0
2024-07-16,386,450.0
2024-07-17,386,472.0
2024-07-18,386,424.0
2024-06-09,187,505.0
2024-06-11,187,362.0
2024-06-12,187,330.0
2024-06-13,187,308.0
2024-06-14,187,397.0
2024-06-15,187,531.0
2024-06-16,187,569.0
2024-06-17,187,291.0
2024-06-18,187,450.0
2024-06-19,187,433.0
2024-06-20,187,221.0
2024-06-21,187,359.0
2024-06-22,187,495.0
2024-06-23,187,389.0
2024-06-24,187,327.0
2024-06-25,187,421.0
2024-06-26,187,252.0
2024-06-26,187,227.0
2024-06-27,187,554.0
2024-06-28,187,465.0
2024-06-29,187,555.0
2024-06-30,187,526.0
2024-07-01,187,508.0
2024-07-02,187,466.0
2024-07-03,187,564.0
2024-07-04,187,388.0
2024-07-05,187,486.0
2024-07-06,187,418.0
2024-07-07,187,435.0
2024-07-08,187,486.0
2024-07-09,387,486.0
2024-07-10,387,585.0
2024-07-11,387,506.0
2024-07-12,387,546.0
2024-07-13,387,438.0
2024-07-14,387,577.0
2024-07-15,387,583.0
2024-07-16,387,364.0
2024-07-17,387,440.0
2024-06-06,188,296.0
2024-06-07,188,393.0
2024-06-08,188,403.0
2024-06-09,188,427.0
2024-06-10,188,442.0
2024-06-11,188,274.0
2024-06-12,188,359.0
2024-06-13,188,332.0
2024-06-14,188,269.0
2024-06-15,188,425.0
2024-06-16,188,505.0
2024-06-17,188,238.0
2024-06-18,188,467.0
2024-06-19,188,218.0
2024-06-20,188,390.0
2024-06-22,388,550.0
2024-06-23,388,553.0
2024-06-24,388,714.0
2024-06-25,388,600.0
2024-06-26,388,457.0
2024-06-27,388,601.0
2024-06-28,388,568.0
2024-06-29,388,495.0
2024-07-01,388,488.0
2024-07-02,388,573.0
2024-07-03,388,611.0
2024-07-04,388,523.0
2024-07-05,388,591.0
2024-06-10,189,286.0
2024-06-11,189,395.0
2024-06-12,189,431.0
2024-06-13,189,410.0
2024-06-14,189,417.0
2024-06-15,189,385.0
2024-06-16,189,312.0
2024-06-17,189,380.0
2024-06-18,189,326.0
2024-06-19,189,426.0
2024-06-20,189,415.0
2024-06-21,189,220.0
2024-06-22,189,415.0
2024-06-23,189,322.0
2024-06-27,389,435.0
2024-06-28,389,432.0
2024-06-29,389,482.0
2024-06-30,389,394.0
2024-07-01,389,482.0
2024-07-02,389,372.0
2024-07-03,389,447.0
2024-07-04,389,377.0
2024-07-05,389,334.0
2024-07-06,389,404.0
2024-07-08,389,390.0
2024-07-09,389,409.0
2024-07-10,389,398.0
2024-07-11,389,411.0
2024-07-12,389,407.0
2024-07-13,389,388.0
2024-07-14,389,336.0
2024-06-08,190,464.0
2024-06-09,190,366.0
2024-06-10,190,463.0
2024-06-11,190,415.0
2024-06-12,190,426.0
2024-06-13,190,463.0
2024-06-14,190,397.0
2024-06-15,190,425.0
2024-06-16,190,524.0
2024-06-17,190,537.0
2024-06-18,190,486.0
2024-06-27,390,467.0
2024-06-28,390,504.0
2024-06-29,390,475.0
2024-06-30,390,423.0
2024-07-01,390,627.0
2024-07-02,390,751.0
2024-07-03,390,535.0
2024-07-04,390,461.0
2024-07-05,390,623.0
2024-07-06,390,567.0
2024-07-07,390,446.0
2024-07-07,390,247.0
2024-07-08,390,792.0
2024-07-09,390,559.0
2024-07-10,390,680.0
2024-06-12,191,349.0
2024-06-13,191,394.0
2024-06-14,191,376.0
2024-06-15,191,370.0
2024-06-16,191,438.0
2024-06-17,191,366.0
2024-06-18,191,234.0
2024-06-20,191,284.0
2024-06-21,191,394.0
2024-06-22,191,374.0
2024-06-23,191,299.0
2024-06-24,191,315.0
2024-06-25,191,306.0
2024-07-16,391,387.0
2024-07-17,391,464.0
2024-07-18,391,364.0
2024-07-19,391,206.0
2024-07-20,391,392.0
2024-07-23,391,357.0
2024-07-24,391,466.0
2024-07-25,391,423.0
2024-07-26,391,445.0
2024-07-27,391,462.0
2024-07-28,391,438.0
2024-07-30,391,352.0
2024-07-31,391,278.0
2024-08-01,391,446.0
2024-06-06,192,271.0
2024-06-07,192,378.0
2024-06-08,192,522.0
2024-06-09,192,418.0
2024-06-10,192,489.0
2024-06-11,192,435.0
2024-06-18,192,408.0
2024-06-19,192,378.0
2024-06-20,192,318.0
2024-06-21,192,480.0
2024-06-24,192,322.0
2024-06-25,392,420.0
2024-06-26,392,499.0
2024-06-27,392,479.0
2024-06-28,392,582.0
2024-06-29,392,585.0
2024-06-30,392,495.0
2024-07-01,392,620.0
2024-07-02,392,631.0
2024-07-03,392,541.0
2024-07-04,392,481.0
2024-07-05,392,555.0
2024-07-06,392,601.0
2024-07-07,392,494.0
2024-07-08,392,411.0
2024-07-09,392,498.0
2024-06-16,193,577.0
2024-06-17,193,588.0
2024-06-18,193,529.0
2024-06-19,193,477.0
2024-06-20,193,533.0
2024-06-21,193,582.0
2024-06-22,193,467.0
2024-06-23,193,493.0
2024-06-24,193,414.0
2024-06-25,193,529.0
2024-06-26,193,432.0
2024-06-27,193,485.0
2024-06-28,193,452.0
2024-06-29,193,289.0
2024-06-30,193,530.0
2024-07-01,193,413.0
2024-07-02,193,397.0
2024-07-03,393,561.0
2024-07-04,393,555.0
2024-07-05,393,558.0
2024-07-06,393,627.0
2024-07-07,393,613.0
2024-07-09,393,649.0
2024-07-10,393,539.0
2024-07-11,393,523.0
2024-07-12,393,638.0
2024-07-13,393,550.0
2024-07-14,393,539.0
2024-07-15,393,522.0
2024-07-16,393,509.0
2024-06-11,194,415.0
2024-06-12,194,457.0
2024-06-13,194,421.0
2024-06-14,194,374.0
2024-06-15,194,398.0
2024-06-16,194,432.0
2024-06-17,194,342.0
2024-06-18,194,438.0
2024-06-19,194,433.0
2024-06-20,194,340.0
2024-06-21,194,380.0
2024-06-22,194,406.0
2024-06-23,194,301.0
2024-06-24,194,439.0
2024-06-25,194,382.0
2024-06-26,394,585.0
2024-06-27,394,423.0
2024-06-28,394,566.0
2024-06-29,394,532.0
2024-06-30,394,519.0
2024-07-01,394,487.0
2024-07-02,394,496.0
2024-07-03,394,536.0
2024-07-04,394,571.0
2024-07-07,394,484.0
2024-07-08,394,561.0
2024-07-09,394,532.0
2024-06-11,195,418.0
2024-06-12,195,511.0
2024-06-13,195,525.0
2024-06-14,195,436.0
2024-06-15,195,424.0
2024-06-17,195,525.0
2024-06-18,195,463.0
2024-06-19,195,467.0
2024-06-20,195,492.0
2024-06-21,195,484.0
2024-06-22,195,420.0
2024-06-23,195,483.0
2024-06-24,195,562.0
2024-06-25,195,412.0
2024-06-26,195,574.0
2024-06-27,195,323.0
2024-06-28,195,433.0
2024-06-29,195,418.0
2024-07-01,195,473.0
2024-07-02,195,532.0
2024-06-13,196,600.0
2024-06-14,196,570.0
2024-06-15,196,517.0
2024-06-16,196,524.0
2024-06-17,196,624.0
2024-06-18,196,579.0
2024-06-19,196,486.0
2024-06-20,196,392.0
2024-06-21,196,477.0
2024-06-22,196,404.0
2024-06-25,196,584.0
2024-07-12,396,433.0
2024-07-13,396,548.0
2024-07-14,396,481.0
2024-07-15,396,472.0
2024-07-16,396,592.0
2024-07-17,396,447.0
2024-07-18,396,518.0
2024-07-19,396,443.0
2024-07-20,396,458.0
2024-06-21,197,420.0
2024-06-22,197,418.0
2024-06-23,197,362.0
2024-06-24,197,383.0
2024-06-25,197,411.0
2024-06-26,197,412.0
2024-06-27,197,280.0
2024-06-28,197,492.0
2024-06-29,197,355.0
2024-07-01,197,554.0
2024-07-02,397,303.0
2024-07-03,397,457.0
2024-07-16,397,744.0
2024-07-17,397,669.0
2024-07-18,397,473.0
2024-07-20,397,387.0
2024-07-21,397,332.0
2024-07-22,397,368.0
2024-07-23,397,557.0
2024-07-02,198,443.0
2024-07-04,198,540.0
2024-07-05,198,254.0
2024-07-06,198,185.0
2024-07-10,198,244.0
2024-07-12,198,427.0
2024-07-13,198,216.0
2024-07-14,198,326.0
2024-07-15,198,262.0
2024-07-17,198,194.0
2024-07-20,198,382.0
2024-07-21,198,429.0
2024-07-22,198,401.0
2024-07-23,198,486.0
2024-07-25,198,389.0
2024-07-26,398,487.0
2024-07-28,398,495.0
2024-07-29,398,490.0
2024-08-01,398,551.0
2024-08-02,398,190.0
2024-08-03,398,345.0
2024-08-04,398,577.0
2024-07-01,200,284.0
2024-07-02,200,550.0
2024-07-03,200,499.0
2024-07-04,200,462.0
2024-07-05,200,382.0
2024-07-06,200,522.0
2024-07-07,200,479.0
2024-07-08,200,484.0
2024-07-09,200,574.0
2024-07-10,200,281.0
2024-07-11,200,561.0
2024-07-12,200,480.0
2024-07-13,200,531.0
2024-07-14,200,548.0
2024-07-15,200,521.0
2024-07-16,400,373.0
2024-07-17,400,577.0
2024-07-18,400,480.0
2024-07-19,400,456.0
2024-07-20,400,588.0
2024-07-21,400,844.0
2024-07-22,400,784.0
2024-07-23,400,391.0
2024-07-25,400,393.0
2024-07-26,400,465.0
2024-07-27,400,518.0
2024-07-28,400,614.0
2024-07-29,400,435.0
2024-07-03,201,354.0
2024-07-04,201,375.0
2024-07-12,201,551.0
2024-07-13,201,455.0
2024-07-14,201,407.0
2024-07-15,201,544.0
2024-07-16,201,386.0
2024-07-17,201,766.0
2024-07-18,201,384.0
2024-07-19,201,322.0
2024-07-23,401,631.0
2024-07-24,401,620.0
2024-07-25,401,494.0
2024-07-26,401,494.0
2024-07-27,401,566.0
2024-07-28,401,577.0
2024-07-16,202,241.0
2024-07-17,202,381.0
2024-07-19,202,355.0
2024-07-20,202,339.0
2024-07-21,202,370.0
2024-07-26,402,450.0
2024-07-27,402,360.0
2024-08-04,402,519.0
2024-08-05,402,431.0
2024-08-06,402,405.0
2024-08-07,402,455.0
2024-08-08,402,428.0
2024-08-09,402,447.0
2024-08-10,402,350.0
2024-08-11,402,292.0
2024-07-13,203,658.0
2024-07-14,203,569.0
2024-07-15,203,477.0
2024-07-16,203,501.0
2024-07-17,203,544.0
2024-07-18,203,459.0
2024-07-19,203,908.0
2024-07-20,203,602.0
2024-07-21,203,582.0
2024-07-22,203,676.0
2024-07-23,203,491.0
2024-07-24,403,411.0
2024-07-25,403,407.0
2024-07-26,403,408.0
2024-07-27,403,447.0
2024-07-28,403,465.0
2024-07-29,403,444.0
2024-08-02,403,445.0
2024-08-03,403,406.0
2024-08-04,403,446.0
2024-08-05,403,465.0
2024-08-06,403,427.0
2024-08-07,403,543.0
2024-07-23,204,394.0
2024-07-24,204,389.0
2024-07-25,204,391.0
2024-07-26,204,501.0
2024-07-27,204,481.0
2024-07-28,204,482.0
2024-07-29,204,516.0
2024-07-31,404,496.0
2024-08-01,404,407.0
2024-08-02,404,523.0
2024-08-03,404,430.0
2024-08-04,404,425.0
2024-08-05,404,550.0
2024-08-06,404,494.0
2024-08-07,404,430.0
2024-08-08,404,476.0
2024-08-09,404,508.0
2024-08-10,404,497.0
2024-08-11,404,473.0
2024-08-12,404,502.0
2024-07-14,205,480.0
2024-07-15,205,549.0
2024-07-16,205,522.0
2024-07-17,205,551.0
2024-07-18,205,565.0
2024-07-19,205,534.0
2024-07-20,205,555.0
2024-07-22,205,507.0
2024-07-23,205,585.0
2024-07-24,205,500.0
2024-07-25,205,433.0
2024-07-26,205,520.0
2024-07-28,205,549.0
2024-07-29,205,517.0
2024-07-30,205,546.0
2024-07-31,205,606.0
2024-08-01,405,267.0
2024-08-02,405,291.0
2024-08-03,405,466.0
2024-08-04,405,397.0
2024-08-07,405,328.0
2024-08-08,405,479.0
2024-08-09,405,419.0
2024-08-10,405,471.0
2024-08-11,405,517.0
2024-07-12,206,412.0
2024-07-13,206,316.0
2024-07-14,206,349.0
2024-07-15,206,473.0
2024-07-16,206,421.0
2024-07-18,206,428.0
2024-07-19,206,402.0
2024-07-22,206,331.0
2024-07-23,206,512.0
2024-07-24,206,551.0
2024-07-25,206,462.0
2024-07-26,206,449.0
2024-07-27,206,415.0
2024-07-28,206,442.0
2024-08-03,406,415.0
2024-08-04,406,364.0
2024-08-05,406,429.0
2024-08-06,406,487.0
2024-08-07,406,326.0
2024-08-08,406,436.0
2024-07-12,207,721.0
2024-07-13,207,663.0
2024-07-14,207,643.0
2024-07-15,207,769.0
2024-07-16,207,590.0
2024-07-17,207,638.0
2024-07-18,207,646.0
2024-07-19,207,604.0
2024-07-20,207,571.0
2024-07-21,207,481.0
2024-07-22,207,622.0
2024-07-23,207,675.0
2024-07-25,407,557.0
2024-08-02,407,434.0
2024-08-03,407,348.0
2024-08-04,407,544.0
2024-08-05,407,508.0
2024-08-06,407,401.0
2024-08-07,407,633.0
2024-08-08,407,613.0
2024-07-17,208,390.0
2024-07-18,208,442.0
2024-07-20,208,454.0
2024-07-21,208,442.0
2024-07-22,208,226.0
2024-07-23,208,421.0
2024-07-24,208,395.0
2024-07-25,208,365.0
2024-07-26,208,358.0
2024-07-27,208,403.0
2024-07-28,208,446.0
2024-07-29,208,411.0
2024-07-30,408,366.0
2024-07-31,408,384.0
2024-08-01,408,361.0
2024-08-02,408,426.0
2024-08-03,408,421.0
2024-08-04,408,457.0
2024-08-05,408,428.0
2024-08-06,408,405.0
2024-08-07,408,365.0
2024-08-08,408,393.0
2024-07-17,209,488.0
2024-07-18,209,522.0
2024-07-19,209,565.0
2024-07-20,209,388.0
2024-07-21,209,464.0
2024-07-22,209,521.0
2024-07-23,209,636.0
2024-07-24,209,478.0
2024-07-25,209,524.0
2024-07-26,209,498.0
2024-07-27,209,440.0
2024-07-28,209,443.0
2024-07-29,209,570.0
2024-07-31,409,688.0
2024-08-01,409,521.0
2024-08-02,409,490.0
2024-08-03,409,507.0
2024-08-04,409,515.0
2024-08-05,409,468.0
2024-08-06,409,559.0
2024-08-07,409,583.0
2024-08-08,409,563.0
2024-08-09,409,507.0
2024-08-10,409,397.0
2024-08-11,409,574.0
2024-08-12,409,587.0
2024-07-25,210,581.0
2024-07-26,210,341.0
2024-07-27,210,509.0
2024-07-28,210,526.0
2024-07-29,210,518.0
2024-07-30,210,405.0
2024-07-31,410,420.0
2024-08-01,410,443.0
2024-08-02,410,486.0
2024-08-03,410,419.0
2024-08-04,410,491.0
2024-08-05,410,482.0
2024-08-06,410,528.0
2024-08-07,410,494.0
2024-07-18,211,363.0
2024-07-19,211,337.0
2024-07-20,211,406.0
2024-07-21,211,233.0
2024-07-22,211,411.0
2024-07-23,211,343.0
2024-07-25,211,318.0
2024-07-26,211,321.0
2024-07-28,211,377.0
2024-07-29,211,236.0
2024-07-30,411,359.0
2024-07-31,411,362.0
2024-08-01,411,379.0
2024-08-02,411,205.0
2024-08-03,411,280.0
2024-08-04,411,461.0
2024-08-05,411,200.0
2024-08-06,411,347.0
2024-08-07,411,458.0
2024-08-08,411,356.0
2024-08-10,411,310.0
2024-08-11,411,394.0
2024-08-12,411,287.0
2024-07-31,212,561.0
2024-08-02,212,444.0
2024-08-03,412,503.0
2024-08-04,412,397.0
2024-08-05,412,338.0
2024-08-06,412,194.0
2024-08-07,412,407.0
2024-08-08,412,447.0
2024-08-09,412,276.0
2024-08-10,412,416.0
2024-08-11,412,307.0
2024-08-01,213,436.0
2024-08-02,213,394.0
2024-08-03,213,373.0
2024-08-04,213,275.0
